id,state,grade,course,course_title,body_standards,body_examples,backup,source_files,issues
AR_01,AR,[1],,,"Dimension 1
Dimension 3
Dimension 4
Developing Questions and Planning Inquiries
Evaluating Sources and Using Evidence
Communicating Conclusions and Taking
Informed Action
1. Construct compelling questions that promote inquiry around key ideas and issues 2. Develop supporting questions that contribute to inquiry: identifying facts, concepts, and interpretations 3. Answer compelling and supporting questions using appropriate and available sources that consider multiple points of view
4. Gather relevant information from multiple perspectives and a variety of sources; evaluate the credibility of the source by determining its relevance and intended use 5. Use evidence from multiple sources to answer compelling and supporting questions by developing arguments with claims, counterclaims, and explanations
6. Construct arguments and explanations that convey ideas and perspectives to appropriate audiences using print, oral, and digital technologies 7. Critique the credibility, relevance, and use of evidence in arguments and explanations proposed by self and others 8. Use disciplinary lenses within the social sciences to understand local, regional, and global problems, propose solutions, or assess strategies and options for action while applying deliberative processes
K-12 Disciplinary Standards Overview
Civics
Economics
Geography
History
C.1 Students will understand the impact of origins, structures, and functions of institutions and laws on society and citizens. This includes personal civic rights, roles, responsibilities, and processes by which laws are made and amended. C.2 Students will understand the structure and functions of various types of government and how they exercise their powers. C.3 Students will understand the role of citizens in society, the ways the government protects the rights of citizens, the electoral process, and the role of political parties. C.4 Students will understand the process of making and changing laws and the ways institutions work together in carrying out the laws. C.5 Students will understand the impact of origins, structures, and functions of institutions and laws on society and Indigenous peoples. This includes the relationship of the Native nations and the United States during various time periods. C.6 Students will understand the structure and functions of various types of tribal government and how they exercise their powers. This includes the progress and challenges of present-day Native America.
E.1 Students will understand the impact of economic decision-making. This includes the exchange of goods and services; role of producers, consumers, and government in the marketplace; and growth, stability, and interdependence within a global economy. E.2 Students will understand the impact of economic decision-making. This includes considering the marginal costs and benefits of alternatives. E.3 Students will understand the exchange of goods and services. This includes different allocation methods and changes in supply and demand; the role of producers, consumers, and government in a market economy; and the degree of competition among buyers and sellers in markets. E.4 Students will understand the growth, stability, and interdependence within a national economy. This includes the current and future state of the economy using economic indicators and monetary and fiscal policies for a variety of economic conditions. E.5 Students will understand the growth, stability, and interdependence within a global economy. This includes ways in which trade leads to increased economic interdependence. E.6 Students will understand the factors affecting income, wealth, and financial risk. This includes the role of credit in personal finance.
G.1 Students will understand the purpose of geographic tools (e.g., maps, globes, charts, graphs) to understand, analyze, and explain human interaction with each other and with the environment. This includes the spatial characteristics and patterns of human settlement and connections between global regions. G.2 Students will understand the purpose of geographic tools (e.g., maps, globes, charts, graphs) to interpret spatial information. This includes spatial organization of people, cultures, places, and environments within various regions and geographic skills to interpret the past, present, and plan for the future. G.3 Students will understand the characteristics of different physical and cultural regions and how they change over time (through demographic changes, migration, settlement, and conflict). This includes the impact physical geography has on human systems, including politics, culture, economics, and use of resources and how a region or culture interacts with itself, the environment, and other regions and cultures. G.4 Students will understand the impact humans have on the environment. This includes the distribution, management, and consumption of resources. G.5 Students will understand the impact Indigenous peoples have on the environment. This includes the communal view of how Indigenous peoples utilized the land and resources; and the characteristics of the original Indigenous peoples of Arkansas by analyzing artifacts, artwork, and other sources.
H.1 Students will understand chronology, patterns of continuity, and change over time. This includes the contextualization of historical events and ways people gather, view, construct, and interpret historical evidence. H.2 Students will understand key historical periods from the beginning of civilization (World Era 1) through 1500 C.E. (World Era 5). This includes the patterns of social, economic, and political change over time and the ways people view, construct, and interpret the history of nations and cultures of the world. H.3 Students will understand key historical periods from the United States' Beginnings (Era 1) through 1850 (Era 4). This includes the patterns of social, economic, and political change over time and the ways people view, construct, and interpret the history of the United States. H.4 Students will understand key historical periods from Civil War and Reconstruction (Era 5) to the Emergence of Modern America, 1890-1930 (Era 7). This includes the patterns of social, economic, and political change over time and the ways people view, construct, and interpret the history of the United States. H.5 Students will understand key historical periods from the Great Depression and World War II, 1929-1945 (Era 8), to the Contemporary United States, 1968 to Present (Era 10). This includes the patterns of social, economic, and political change over time and the ways people view, construct, and interpret the history of the United States. H.6 Students will understand key historical periods from the Emergence of the First Global Age, 1450-1770 (World Era 6), to the Twentieth Century Since 1945 (World Era 9). This includes the patterns of social, economic, and political change over time and the ways people view, construct, and interpret the history of nations and cultures of the world.
Civics
C.1 Students will understand the impact of origins, structures, and functions of institutions and laws on society and citizens. This includes personal civic rights, roles, responsibilities, and processes by which laws are made and amended.
Grade 1
Citizenship in my Community and our Country
Civic and Political Institutions
● Foundation of the United States government and its laws
Participation and Deliberation
● Role of leaders in a community
Processes, Rules, and Laws
● Rules, rewards, and consequences
Economics
E.1 Students will understand the impact of economic decision-making. This includes the exchange of goods and services; role of producers, consumers, and government in the marketplace; and growth, stability, and interdependence within a global economy.
Grade 1
Exchange
Economic Decision-Making
● Scarcity and cost-benefit in decision-making
Exchange and Markets
● Arkansas' natural resources and their economic contributions ● Work and income
Growth and Stability
● Monetary or bartering as means of exchange ● Public goods and services
Global Economy
● Trading goods and services
Geography
G.1 Students will understand the purpose of geographic tools (e.g., maps, globes, charts, graphs) to understand, analyze, and explain human interaction with each other and with the environment. This includes the spatial characteristics and patterns of human settlement and connections between global regions.
Grade 1
Geography of Arkansas
Geographic Representations
● State borders, landforms, capital, county, city/town, home address
Human- Environment Interaction
● Environmental characteristics and cultural impact ● Influence of weather
Spatial Patterns and Movement
● Arkansans and natural resources ● Reasons and methods for movement and settlement
Global Interconnections
● Connections with communities near and far ● Helping those in need
History
H.1.Students will understand chronology, patterns of continuity, and change over time. This includes the contextualization of historical events and ways people gather, view, construct, and interpret historical evidence.
Grade 1
Civilizations, Explorers, Community Builders
Chronology, Change Over Time, Contextualization
● Ancient civilizations ● Indigenous populations ● Early American civilizations ● Early explorers and settlers ● American colonizers
Perspective, Historical Evidence, Causation
● Choices and conclusions
Grade Level Themes
Grade 1
Leaders and Builders: People Leaving an Impact Now and Long Ago
Civics
C.1 Students will understand the impact of origins, structures, and functions of institutions and laws on society and citizens. This includes personal civic rights, roles, responsibilities, and processes by which laws are made and amended.
Civic and Political Institutions
Knowledge and Skill Performance Expectations
Grade 1
C.1.1.1 Connect classroom rules and a student handbook as documents that establish the values of fairness and equality in a school community. Teacher Note: This standard builds toward students relating founding documents to values of fairness and equality.
C.1.1.2 Describe the roles of people who hold positions of authority which may include: ● Teachers lead a classroom and help students learn ● School principal makes decisions for the school ● Police officers protect and serve their communities ● Fire/rescue workers help people in need
C.1.1.3 Discuss the purpose of government.
Civics
C.1 Students will understand the impact of origins, structures, and functions of institutions and laws on society and citizens. This includes personal civic rights, roles, responsibilities, and processes by which laws are made and amended.
Participation and Deliberation
Knowledge and Skill Performance Expectations
Grade 1
C.1.1.4 Describe state and national symbols and patriotic songs: ● American flag ● Flag etiquette ● Star Spangled Banner ● Recitation of Pledge of Allegiance ● “Arkansas” by Eva Ware Barnett ● White-Tailed Deer ● Milk ● Square Dance ● Diamond
C.1.1.5 Identify personal responsibilities of being a good citizen in the community.
C.1.1.6 Follow agreed-upon rules for listening, consensus building, and voting procedures in the classroom.
Civics
C.1 Students will understand the impact of origins, structures, and functions of institutions and laws on society and citizens. This includes personal civic rights, roles, responsibilities, and processes by which laws are made and amended.
Process, Rules, and Laws
Knowledge and Skill Performance Expectations
Grade 1
C.1.1.7 Explain the purpose of rules and laws.
C.1.1.8 Describe ways people impact communities which may include: ● welcoming a new classmate/neighbor ● developing classroom rules and procedures ● contributing unused food to a food bank ● picking up trash
C.1.1.9 Describe ways schools and communities work to establish responsibilities, fulfill roles of authority, and accomplish common tasks.
Economics
E.1 Students will understand the impact of economic decision-making. This includes the exchange of goods and services; role of producers, consumers, and government in the marketplace; and growth, stability, and interdependence within a global economy.
Economic Decision-Making
Knowledge and Skill Performance Expectations
Grade 1
E.1.1.1 Identify examples of scarcity and opportunity cost.
E.1.1.2 List costs and benefits of making a decision.
Economics
E.1 Students will understand the impact of economic decision-making. This includes the exchange of goods and services; role of producers, consumers, and government in the marketplace; and growth, stability, and interdependence within a global economy.
Exchange and Markets
Knowledge and Skill Performance Expectations
Grade 1
E.1.1.3 Discuss the importance of human capital (i.e., knowledge, skills, education, experience) and the relationship between work and income.
E.1.1.4 Compare ways human, natural, and capital resources are used in the production of goods and services now and long ago.
E.1.1.5 Recognize that markets exist when buyers and sellers exchange goods and services.
Economics
E.1 Students will understand the impact of economic decision-making. This includes the exchange of goods and services; role of producers, consumers, and government in the marketplace; and growth, stability, and interdependence within a global economy.
Growth and Stability
Knowledge and Skill Performance Expectations
Grade 1
E.1.1.6 Classify exchanges consumers make as monetary or bartering.
E.1.1.7 Discuss the reasons why and the tools and techniques people use to save money.
E.1.1.8 Identify examples of public goods and services that governments provide ● police officers ● roads ● traffic lights ● state parks ● clean air/water ● public education
Economics
E.1 Students will understand the impact of economic decision-making. This includes the exchange of goods and services; role of producers, consumers, and government in the marketplace; and growth, stability, and interdependence within a global economy.
Global Economy
Knowledge and Skill Performance Expectations
Grade 1
E.1.1.9 Identify reasons why people trade goods and services between countries.
E.1.1.10 Identify goods that are imported to and exported from Arkansas and the United States.
Geography
G.1 Students will understand the purpose of geographic tools (e.g., maps, globes, charts, graphs) to understand, analyze, and explain human interaction with each other and with the environment. This includes the spatial characteristics and patterns of human settlement and connections between global regions.
Geographic Representations
Knowledge and Skill Performance Expectations
Grade 1
G.1.1.1 Show relationships between familiar places using map keys, legends, compass rose, and directional words.
G.1.1.2 Describe the physical and human characteristics of a place including roads, buildings, and borders using maps, globes, and photographs.
G.1.1.3 Create and label maps of local areas using titles, symbols, legends, and a compass rose.
Geography
G.1 Students will understand the purpose of geographic tools (e.g., maps, globes, charts, graphs) to understand, analyze, and explain human interaction with each other and with the environment. This includes the spatial characteristics and patterns of human settlement and connections between global regions.
Human-Environment Interaction
Knowledge and Skill Performance Expectations
Grade 1
G.1.1.4 Interpret effects of human impact on the environment.
G.1.1.5 Discuss how cultural characteristics contribute to diversity in a community, place, or region.
G.1.1.6 Describe the influence of weather, climate, and physical characteristics on people’s daily lives.
Geography
G.1 Students will understand the purpose of geographic tools (e.g., maps, globes, charts, graphs) to understand, analyze, and explain human interaction with each other and with the environment. This includes the spatial characteristics and patterns of human settlement and connections between global regions.
Spatial Patterns and Movement
Knowledge and Skill Performance Expectations
Grade 1
G.1.1.7 Explain ways people utilize natural resources such as timber, minerals, oil, coal, and natural gas in their community.
G.1.1.8 Discuss reasons and methods people, goods, and ideas move from place to place.
Geography
G.1 Students will understand the purpose of geographic tools (e.g., maps, globes, charts, graphs) to understand, analyze, and explain human interaction with each other and with the environment. This includes the spatial characteristics and patterns of human settlement and connections between global regions.
Global Interconnections
Knowledge and Skill Performance Expectations
Grade 1
G.1.1.9 Discuss how the products that are consumed connect the local community to other parts of the country and rest of the world such as clothes, toys, and food.
G.1.1.10 Identify ways to help people who are going through natural and human-made disasters.
History
H.1 Students will understand chronology, patterns of continuity, and change over time. This includes the contextualization of historical events and ways people gather, view, construct, and interpret historical evidence.
Chronology, Change over time, Contextualization
Knowledge and Skill Performance Expectations
Grade 1
H.1.1.1 Explain similarities and differences of everyday life in different times using chronological terms. This may include: ● Daily tasks ● Food ● Clothing ● Transportation ● Communication ● Recreation ● Celebrations
H.1.1.2 Create timelines to sequence events from different times using chronological terms.
H.1.1.3 Compare present day families, objects, and events with those in the past using visual representations, news stories, and artifacts (e.g., daily life tasks, food, clothing, transportation, communication, recreation).
H.1.1.4 Retell stories of historical events, American legends, and people who played a role in history This may include: ● Pocahontas ● Sacagawea ● Lewis and Clark* ● Hernando de Soto* ● Henri de Tonti* ● Paul Revere* ● Benjamin Franklin ● Booker T. Washington ● Frederick Douglass*
H.1.1.5 Explain the significance of national holidays and the achievement of people associated with them.
History
H.1 Students will understand chronology, patterns of continuity, and change over time. This includes the contextualization of historical events and ways people gather, view, construct, and interpret historical evidence.
Perspective, Evidence, Causation
Knowledge and Skill Performance Expectations
Grade 1
H.1.1.6 Discuss different accounts of the same historical event.
H.1.1.7 Draw conclusions about life in the past using historical records and artifacts (e.g., photos, diaries, oral history).
H.1.1.8 Identify ways that a historian can determine the time, place, and credibility of a source (e.g., publication date, author, place of origin, accuracy of facts).
H.1.1.6 Discuss different accounts of the same historical event.","Course Focus and Content Grades K-4 Social Studies provides an introduction to civics, economics, geography, and history. Basic skills and foundational knowledge are developed through practical classroom experiences that access and develop personal connections to the content. Students learn through social studies lenses that begin by focusing on the narrower and more manageable viewpoint of self and personal experience, expanding to community, state, nation, and ultimately to a broader world view.",,AR_Grades_K-4_Social_Studies_Standards_2022_LS.pdf,"AR_Grades_K-4_Social_Studies_Standards_2022_LS.pdf: u494-u497 (page 21) are garbled fragments ('reasons and', 'tha', 'people, goods, and ideas', 'move from place to place.') that look like overflow of G.1.2.8 text; assigned to grade 2 as standards.
AR_Grades_K-4_Social_Studies_Standards_2022_LS.pdf: u595-u605 (page 27) repeat KPEs H.1.K.6-H.1.4.7 already listed at u580-u585 (duplicated rows in the source); grades taken from codes.
AR_Grades_K-4_Social_Studies_Standards_2022_LS.pdf: u376 reads 'E.1.3.7e.g., Explain...' (extraction glitch); grade 3 from code.
AR_Grades_K-4_Social_Studies_Standards_2022_LS.pdf: At a Glance page 6: u97 is Grade 3 (column 5) and the Grade 4 cell for Processes, Rules, and Laws is missing from the extraction; Geography Spatial Patterns row has no K/1 gap issues.
AR_Grades_K-4_Social_Studies_Standards_2022_LS.pdf: K-12 overview and C3 skills labeled K-4 (all grades of the document).
AR_Grades_K-4_Social_Studies_Standards_2022_LS.pdf: Teacher notes embedded in KPE cells (u230-u231) and in-cell 'This may include' lists are not split from their KPE (labeled standards, not examples)."
AR_02,AR,[2],,,"Dimension 1
Dimension 3
Dimension 4
Developing Questions and Planning Inquiries
Evaluating Sources and Using Evidence
Communicating Conclusions and Taking
Informed Action
1. Construct compelling questions that promote inquiry around key ideas and issues 2. Develop supporting questions that contribute to inquiry: identifying facts, concepts, and interpretations 3. Answer compelling and supporting questions using appropriate and available sources that consider multiple points of view
4. Gather relevant information from multiple perspectives and a variety of sources; evaluate the credibility of the source by determining its relevance and intended use 5. Use evidence from multiple sources to answer compelling and supporting questions by developing arguments with claims, counterclaims, and explanations
6. Construct arguments and explanations that convey ideas and perspectives to appropriate audiences using print, oral, and digital technologies 7. Critique the credibility, relevance, and use of evidence in arguments and explanations proposed by self and others 8. Use disciplinary lenses within the social sciences to understand local, regional, and global problems, propose solutions, or assess strategies and options for action while applying deliberative processes
K-12 Disciplinary Standards Overview
Civics
Economics
Geography
History
C.1 Students will understand the impact of origins, structures, and functions of institutions and laws on society and citizens. This includes personal civic rights, roles, responsibilities, and processes by which laws are made and amended. C.2 Students will understand the structure and functions of various types of government and how they exercise their powers. C.3 Students will understand the role of citizens in society, the ways the government protects the rights of citizens, the electoral process, and the role of political parties. C.4 Students will understand the process of making and changing laws and the ways institutions work together in carrying out the laws. C.5 Students will understand the impact of origins, structures, and functions of institutions and laws on society and Indigenous peoples. This includes the relationship of the Native nations and the United States during various time periods. C.6 Students will understand the structure and functions of various types of tribal government and how they exercise their powers. This includes the progress and challenges of present-day Native America.
E.1 Students will understand the impact of economic decision-making. This includes the exchange of goods and services; role of producers, consumers, and government in the marketplace; and growth, stability, and interdependence within a global economy. E.2 Students will understand the impact of economic decision-making. This includes considering the marginal costs and benefits of alternatives. E.3 Students will understand the exchange of goods and services. This includes different allocation methods and changes in supply and demand; the role of producers, consumers, and government in a market economy; and the degree of competition among buyers and sellers in markets. E.4 Students will understand the growth, stability, and interdependence within a national economy. This includes the current and future state of the economy using economic indicators and monetary and fiscal policies for a variety of economic conditions. E.5 Students will understand the growth, stability, and interdependence within a global economy. This includes ways in which trade leads to increased economic interdependence. E.6 Students will understand the factors affecting income, wealth, and financial risk. This includes the role of credit in personal finance.
G.1 Students will understand the purpose of geographic tools (e.g., maps, globes, charts, graphs) to understand, analyze, and explain human interaction with each other and with the environment. This includes the spatial characteristics and patterns of human settlement and connections between global regions. G.2 Students will understand the purpose of geographic tools (e.g., maps, globes, charts, graphs) to interpret spatial information. This includes spatial organization of people, cultures, places, and environments within various regions and geographic skills to interpret the past, present, and plan for the future. G.3 Students will understand the characteristics of different physical and cultural regions and how they change over time (through demographic changes, migration, settlement, and conflict). This includes the impact physical geography has on human systems, including politics, culture, economics, and use of resources and how a region or culture interacts with itself, the environment, and other regions and cultures. G.4 Students will understand the impact humans have on the environment. This includes the distribution, management, and consumption of resources. G.5 Students will understand the impact Indigenous peoples have on the environment. This includes the communal view of how Indigenous peoples utilized the land and resources; and the characteristics of the original Indigenous peoples of Arkansas by analyzing artifacts, artwork, and other sources.
H.1 Students will understand chronology, patterns of continuity, and change over time. This includes the contextualization of historical events and ways people gather, view, construct, and interpret historical evidence. H.2 Students will understand key historical periods from the beginning of civilization (World Era 1) through 1500 C.E. (World Era 5). This includes the patterns of social, economic, and political change over time and the ways people view, construct, and interpret the history of nations and cultures of the world. H.3 Students will understand key historical periods from the United States' Beginnings (Era 1) through 1850 (Era 4). This includes the patterns of social, economic, and political change over time and the ways people view, construct, and interpret the history of the United States. H.4 Students will understand key historical periods from Civil War and Reconstruction (Era 5) to the Emergence of Modern America, 1890-1930 (Era 7). This includes the patterns of social, economic, and political change over time and the ways people view, construct, and interpret the history of the United States. H.5 Students will understand key historical periods from the Great Depression and World War II, 1929-1945 (Era 8), to the Contemporary United States, 1968 to Present (Era 10). This includes the patterns of social, economic, and political change over time and the ways people view, construct, and interpret the history of the United States. H.6 Students will understand key historical periods from the Emergence of the First Global Age, 1450-1770 (World Era 6), to the Twentieth Century Since 1945 (World Era 9). This includes the patterns of social, economic, and political change over time and the ways people view, construct, and interpret the history of nations and cultures of the world.
Civics
C.1 Students will understand the impact of origins, structures, and functions of institutions and laws on society and citizens. This includes personal civic rights, roles, responsibilities, and processes by which laws are made and amended.
Grade 2
Building a Community and Nation
Civic and Political Institutions
● Founding documents
Participation and Deliberation
● Freedoms ● Leaders
Processes, Rules, and Laws
● Rights and responsibilities
Economics
E.1 Students will understand the impact of economic decision-making. This includes the exchange of goods and services; role of producers, consumers, and government in the marketplace; and growth, stability, and interdependence within a global economy.
Grade 2
Choices
Economic Decision-Making
● Cost-benefit and opportunity cost in decision-making
Exchange and Markets
● Skills, education, and experience ● Role of markets
Growth and Stability
● Saving money ● Cost and benefits of public goods and services
Global Economy
● Acquiring and selling goods and services
Geography
G.1 Students will understand the purpose of geographic tools (e.g., maps, globes, charts, graphs) to understand, analyze, and explain human interaction with each other and with the environment. This includes the spatial characteristics and patterns of human settlement and connections between global regions.
Grade 2
Navigating Our World
Geographic Representations
● Rivers, dams, mountains, and deserts
Human- Environment Interaction
● Impact of land on our communities
Spatial Patterns and Movement
● Push-and-pull factors and human settlement ● Cultural groups who settled in Arkansas
Global Interconnections
● Connections to communities through the consumption of products ● Effects of natural and human disasters
History
H.1.Students will understand chronology, patterns of continuity, and change over time. This includes the contextualization of historical events and ways people gather, view, construct, and interpret historical evidence.
Grade 2
Exploring Our Likenesses and Differences
Chronology, Change Over Time, Contextualization
● Family history ● Heroes ● People who made a difference
Perspective, Historical Evidence, Causation
● Historical narrative
Grade Level Themes
Grade 2
Overcoming Obstacles: Responding to the Challenges We Face
Civics
C.1 Students will understand the impact of origins, structures, and functions of institutions and laws on society and citizens. This includes personal civic rights, roles, responsibilities, and processes by which laws are made and amended.
Civic and Political Institutions
Knowledge and Skill Performance Expectations
Grade 2
C.1.2.1 Identify founding documents of the United States: ● Declaration of Independence* ● U.S. Constitution* ● Bill of Rights*
C.1.2.2 Describe and classify roles and responsibilities of people in authority in communities which may include: ● School district: school superintendent and school board ● City: mayor and city council ● State: governor and General Assembly ● Nation: President and Congress
C.1.2.3 Explain the functions of government using local examples such as infrastructure, safety, and rules/laws.
Civics
C.1 Students will understand the impact of origins, structures, and functions of institutions and laws on society and citizens. This includes personal civic rights, roles, responsibilities, and processes by which laws are made and amended.
Participation and Deliberation
Knowledge and Skill Performance Expectations
Grade 2
C.1.2.4 Explain the significance of state and national symbols, patriotic songs, and mottos: ● American flag ● Flag etiquette ● Star Spangled Banner ● Recitation of Pledge of Allegiance* ● National Motto: In God we Trust* ● State Seal ● Diana fritillary butterfly ● Fiddle ● Quartz ● Bauxite ● Pink Tomato
C.1.2.5 Describe roles and responsibilities of individuals in a democracy.
C.1.2.6 Discuss ways to build a consensus with a group when making a decision that can bring about change.
Civics
C.1 Students will understand the impact of origins, structures, and functions of institutions and laws on society and citizens. This includes personal civic rights, roles, responsibilities, and processes by which laws are made and amended.
Process, Rules, and Laws
Knowledge and Skill Performance Expectations
Grade 2
C.1.2.7 Discuss how rules and laws impact students and communities which may include: ● school board ● school handbook ● classroom expectations
C.1.2.8 Compare successful and unsuccessful attempts to improve communities.
C.1.2.9 Identify ways people benefit from and are challenged by working together in response to problems.
Economics
E.1 Students will understand the impact of economic decision-making. This includes the exchange of goods and services; role of producers, consumers, and government in the marketplace; and growth, stability, and interdependence within a global economy.
Economic Decision-Making
Knowledge and Skill Performance Expectations
Grade 2
E.1.2.1 Explain examples of scarcity and opportunity cost.
E.1.2.2 Explain a decision related to the criteria of costs and benefits such as the cost-benefit decision model.
Economics
E.1 Students will understand the impact of economic decision-making. This includes the exchange of goods and services; role of producers, consumers, and government in the marketplace; and growth, stability, and interdependence within a global economy.
Exchange and Markets
Knowledge and Skill Performance Expectations
Grade 2
E.1.2.3 Discuss knowledge, skills, education, and experience (i.e., human capital) that workers need for jobs.
E.1.2.4 Identify ways human, natural, and capital resources come together to produce goods and services.
E.1.2.5 Describe ways markets exist in various places such as the home, physical location, and Internet.
Economics
E.1 Students will understand the impact of economic decision-making. This includes the exchange of goods and services; role of producers, consumers, and government in the marketplace; and growth, stability, and interdependence within a global economy.
Growth and Stability
Knowledge and Skill Performance Expectations
Grade 2
E.1.2.6 Explain the role of money in making exchange easier.
E.1.2.7 Describe reasons people save money in banks.
E.1.2.8 Explain benefits of public goods and services.
Economics
E.1 Students will understand the impact of economic decision-making. This includes the exchange of goods and services; role of producers, consumers, and government in the marketplace; and growth, stability, and interdependence within a global economy.
Global Economy
Knowledge and Skill Performance Expectations
Grade 2
E.1.2.9 Explain challenges that cause people in one country to trade goods and services with people in other countries.
E.1.2.10 Describe the process by which products are produced, transported, and sold, including the importance of the trucking industry. Products produced abroad and sold domestically may include: ● cars ● crude oil ● computers Products produced domestically in Arkansas and sold abroad include: ● transportation products like airplane parts ● minerals such as bauxite, bromine, and gypsum ● wood pulp, paper, rice
Geography
G.1 Students will understand the purpose of geographic tools (e.g., maps, globes, charts, graphs) to understand, analyze, and explain human interaction with each other and with the environment. This includes the spatial characteristics and patterns of human settlement and connections between global regions.
Geographic Representations
Knowledge and Skill Performance Expectations
Grade 2
G.1.2.1 Interpret the information on a map of local places using map keys, symbols, intermediate directions, scale, and compass rose.
G.1.2.2 Describe the physical and human characteristics of a place using geographic tools such as maps, globes, and charts.
G.1.2.3 Create and label state and national maps using titles, symbols, legends, and a compass rose.
Geography
G.1 Students will understand the purpose of geographic tools (e.g., maps, globes, charts, graphs) to understand, analyze, and explain human interaction with each other and with the environment. This includes the spatial characteristics and patterns of human settlement and connections between global regions.
Human-Environment Interaction
Knowledge and Skill Performance Expectations
Grade 2
G.1.2.4 Discuss the impact human choices have on the environment.
G.1.2.5 Describe ways people of different cultures shape and change the dynamics of a place or region.
G.1.2.6 Explain the influence of weather, climate, and physical characteristics on people’s daily lives in a place or region.
Geography
G.1 Students will understand the purpose of geographic tools (e.g., maps, globes, charts, graphs) to understand, analyze, and explain human interaction with each other and with the environment. This includes the spatial characteristics and patterns of human settlement and connections between global regions.
Spatial Patterns and Movement
Knowledge and Skill Performance Expectations
Grade 2
G.1.2.7 Examine how natural resources such as timber, minerals, oil, coal, and natural gas influence human settlement.
G.1.2.8 Compare and contrast reasons and methods that people, goods, and ideas move from place to place.
G.1.2.9 Identify various cultural groups that have come to Arkansas and where they settled.
reasons and
tha
people, goods, and ideas
move from place to place.
Geography
G.1 Students will understand the purpose of geographic tools (e.g., maps, globes, charts, graphs) to understand, analyze, and explain human interaction with each other and with the environment. This includes the spatial characteristics and patterns of human settlement and connections between global regions.
Global Interconnections
Knowledge and Skill Performance Expectations
Grade 2
G.1.2.10 Examine how the products that are consumed and the traditions that are celebrated connect people to different parts of the world (e.g., raw materials, art, food, culture).
G.1.2.11 Investigate ways natural and human-made disasters affect people locally, nationally, and globally.
History
H.1 Students will understand chronology, patterns of continuity, and change over time. This includes the contextualization of historical events and ways people gather, view, construct, and interpret historical evidence.
Chronology, Change over time, Contextualization
Knowledge and Skill Performance Expectations
Grade 2
H.1.2.1 Create historical narratives about a sequence of changes in a community or region over time using primary-source documents such as letters, stories, interviews with elders, photographs, maps, and artifacts. Events may include: ● Founding of the town ● Development of schools or businesses ● Election of local and county leaders
H.1.2.2 Create timelines to understand the development of a community or region including its founding and growth.
H.1.2.3 Compare life in a community past and present using maps, photographs, news stories, artifacts, or interviews (e.g., transportation, communication, recreation, jobs, housing).
H.1.2.4 Investigate ways individuals, groups, and events have shaped a community.
H.1.2.5 Explain state and national historical symbols and landmarks and the people and events associated with them.
History
H.1 Students will understand chronology, patterns of continuity, and change over time. This includes the contextualization of historical events and ways people gather, view, construct, and interpret historical evidence.
Perspective, Evidence, Causation
Knowledge and Skill Performance Expectations
Grade 2
H.1.2.6 Compare and contrast different accounts of the same historical event.
H.1.2.7 Sort or categorize information from different sources to answer a compelling question about a significant historical event or person from Arkansas or the United States.
H.1.2.8 Identify and compare characteristics and examples of primary and secondary sources (e.g., raw information and first-hand accounts such as interviews, records of events, maps, and artwork versus interpretations and second-hand information like newspaper articles, stories, and book reviews).
H.1.2.6 Compare and contrast different accounts of the same historical event.","Course Focus and Content Grades K-4 Social Studies provides an introduction to civics, economics, geography, and history. Basic skills and foundational knowledge are developed through practical classroom experiences that access and develop personal connections to the content. Students learn through social studies lenses that begin by focusing on the narrower and more manageable viewpoint of self and personal experience, expanding to community, state, nation, and ultimately to a broader world view.",,AR_Grades_K-4_Social_Studies_Standards_2022_LS.pdf,"AR_Grades_K-4_Social_Studies_Standards_2022_LS.pdf: u494-u497 (page 21) are garbled fragments ('reasons and', 'tha', 'people, goods, and ideas', 'move from place to place.') that look like overflow of G.1.2.8 text; assigned to grade 2 as standards.
AR_Grades_K-4_Social_Studies_Standards_2022_LS.pdf: u595-u605 (page 27) repeat KPEs H.1.K.6-H.1.4.7 already listed at u580-u585 (duplicated rows in the source); grades taken from codes.
AR_Grades_K-4_Social_Studies_Standards_2022_LS.pdf: u376 reads 'E.1.3.7e.g., Explain...' (extraction glitch); grade 3 from code.
AR_Grades_K-4_Social_Studies_Standards_2022_LS.pdf: At a Glance page 6: u97 is Grade 3 (column 5) and the Grade 4 cell for Processes, Rules, and Laws is missing from the extraction; Geography Spatial Patterns row has no K/1 gap issues.
AR_Grades_K-4_Social_Studies_Standards_2022_LS.pdf: K-12 overview and C3 skills labeled K-4 (all grades of the document).
AR_Grades_K-4_Social_Studies_Standards_2022_LS.pdf: Teacher notes embedded in KPE cells (u230-u231) and in-cell 'This may include' lists are not split from their KPE (labeled standards, not examples)."
AR_03,AR,[3],,,"Dimension 1
Dimension 3
Dimension 4
Developing Questions and Planning Inquiries
Evaluating Sources and Using Evidence
Communicating Conclusions and Taking
Informed Action
1. Construct compelling questions that promote inquiry around key ideas and issues 2. Develop supporting questions that contribute to inquiry: identifying facts, concepts, and interpretations 3. Answer compelling and supporting questions using appropriate and available sources that consider multiple points of view
4. Gather relevant information from multiple perspectives and a variety of sources; evaluate the credibility of the source by determining its relevance and intended use 5. Use evidence from multiple sources to answer compelling and supporting questions by developing arguments with claims, counterclaims, and explanations
6. Construct arguments and explanations that convey ideas and perspectives to appropriate audiences using print, oral, and digital technologies 7. Critique the credibility, relevance, and use of evidence in arguments and explanations proposed by self and others 8. Use disciplinary lenses within the social sciences to understand local, regional, and global problems, propose solutions, or assess strategies and options for action while applying deliberative processes
K-12 Disciplinary Standards Overview
Civics
Economics
Geography
History
C.1 Students will understand the impact of origins, structures, and functions of institutions and laws on society and citizens. This includes personal civic rights, roles, responsibilities, and processes by which laws are made and amended. C.2 Students will understand the structure and functions of various types of government and how they exercise their powers. C.3 Students will understand the role of citizens in society, the ways the government protects the rights of citizens, the electoral process, and the role of political parties. C.4 Students will understand the process of making and changing laws and the ways institutions work together in carrying out the laws. C.5 Students will understand the impact of origins, structures, and functions of institutions and laws on society and Indigenous peoples. This includes the relationship of the Native nations and the United States during various time periods. C.6 Students will understand the structure and functions of various types of tribal government and how they exercise their powers. This includes the progress and challenges of present-day Native America.
E.1 Students will understand the impact of economic decision-making. This includes the exchange of goods and services; role of producers, consumers, and government in the marketplace; and growth, stability, and interdependence within a global economy. E.2 Students will understand the impact of economic decision-making. This includes considering the marginal costs and benefits of alternatives. E.3 Students will understand the exchange of goods and services. This includes different allocation methods and changes in supply and demand; the role of producers, consumers, and government in a market economy; and the degree of competition among buyers and sellers in markets. E.4 Students will understand the growth, stability, and interdependence within a national economy. This includes the current and future state of the economy using economic indicators and monetary and fiscal policies for a variety of economic conditions. E.5 Students will understand the growth, stability, and interdependence within a global economy. This includes ways in which trade leads to increased economic interdependence. E.6 Students will understand the factors affecting income, wealth, and financial risk. This includes the role of credit in personal finance.
G.1 Students will understand the purpose of geographic tools (e.g., maps, globes, charts, graphs) to understand, analyze, and explain human interaction with each other and with the environment. This includes the spatial characteristics and patterns of human settlement and connections between global regions. G.2 Students will understand the purpose of geographic tools (e.g., maps, globes, charts, graphs) to interpret spatial information. This includes spatial organization of people, cultures, places, and environments within various regions and geographic skills to interpret the past, present, and plan for the future. G.3 Students will understand the characteristics of different physical and cultural regions and how they change over time (through demographic changes, migration, settlement, and conflict). This includes the impact physical geography has on human systems, including politics, culture, economics, and use of resources and how a region or culture interacts with itself, the environment, and other regions and cultures. G.4 Students will understand the impact humans have on the environment. This includes the distribution, management, and consumption of resources. G.5 Students will understand the impact Indigenous peoples have on the environment. This includes the communal view of how Indigenous peoples utilized the land and resources; and the characteristics of the original Indigenous peoples of Arkansas by analyzing artifacts, artwork, and other sources.
H.1 Students will understand chronology, patterns of continuity, and change over time. This includes the contextualization of historical events and ways people gather, view, construct, and interpret historical evidence. H.2 Students will understand key historical periods from the beginning of civilization (World Era 1) through 1500 C.E. (World Era 5). This includes the patterns of social, economic, and political change over time and the ways people view, construct, and interpret the history of nations and cultures of the world. H.3 Students will understand key historical periods from the United States' Beginnings (Era 1) through 1850 (Era 4). This includes the patterns of social, economic, and political change over time and the ways people view, construct, and interpret the history of the United States. H.4 Students will understand key historical periods from Civil War and Reconstruction (Era 5) to the Emergence of Modern America, 1890-1930 (Era 7). This includes the patterns of social, economic, and political change over time and the ways people view, construct, and interpret the history of the United States. H.5 Students will understand key historical periods from the Great Depression and World War II, 1929-1945 (Era 8), to the Contemporary United States, 1968 to Present (Era 10). This includes the patterns of social, economic, and political change over time and the ways people view, construct, and interpret the history of the United States. H.6 Students will understand key historical periods from the Emergence of the First Global Age, 1450-1770 (World Era 6), to the Twentieth Century Since 1945 (World Era 9). This includes the patterns of social, economic, and political change over time and the ways people view, construct, and interpret the history of nations and cultures of the world.
Civics
C.1 Students will understand the impact of origins, structures, and functions of institutions and laws on society and citizens. This includes personal civic rights, roles, responsibilities, and processes by which laws are made and amended.
Grade 3
Government
Civic and Political Institutions
● Patriotism and citizenship
Participation and Deliberation
● Civil rights - unity and diversity
Processes, Rules, and Laws
● Rules, laws, and decision-making
Economics
E.1 Students will understand the impact of economic decision-making. This includes the exchange of goods and services; role of producers, consumers, and government in the marketplace; and growth, stability, and interdependence within a global economy.
Grade 3
Entrepreneurship
Economic Decision-Making
● Problems, alternatives, and trade-offs in decision-making
Exchange and Markets
● Productivity ● Supply and demand, competition, and incentives
Growth and Stability
● Purpose and function of banks ● Private goods and services
Global Economy
● Global interdependence and the effects of trade
Geography
G.1 Students will understand the purpose of geographic tools (e.g., maps, globes, charts, graphs) to understand, analyze, and explain human interaction with each other and with the environment. This includes the spatial characteristics and patterns of human settlement and connections between global regions.
Grade 3
Geographic Representations
Geographic Representations
● Landforms and regions
Human- Environment Interaction
● Environmental issues and the influence of people’s choices
Spatial Patterns and Movement
● Influences for human settlement ● Why certain cultural groups settled in Arkansas
Global Interconnections
● Global connections of raw materials ● Effects of human and natural disasters in other places
History
H.1.Students will understand chronology, patterns of continuity, and change over time. This includes the contextualization of historical events and ways people gather, view, construct, and interpret historical evidence.
Grade 3
Perspectives
Chronology, Change Over Time, Contextualization
● Significant people and places
Perspective, Historical Evidence, Causation
● Causes and effects of significant historical events
Grade Level Themes
Grade 3
Exploring Our World: Learning from New Places and Ideas
Civics
C.1 Students will understand the impact of origins, structures, and functions of institutions and laws on society and citizens. This includes personal civic rights, roles, responsibilities, and processes by which laws are made and amended.
Civic and Political Institutions
Knowledge and Skill Performance Expectations
Grade 3
C.1.3.1 Discuss the origins of the United States’ founding documents: ● Declaration of Independence ● U.S. Constitution ● Preamble* ● Bill of Rights
C.1.3.2 Identify powers of government officials in the three branches of government ● Legislative branch makes laws ● Executive branch enforces laws ● Judicial branch interprets laws
C.1.3.3 Explain the functions and structure of state government.
Civics
C.1 Students will understand the impact of origins, structures, and functions of institutions and laws on society and citizens. This includes personal civic rights, roles, responsibilities, and processes by which laws are made and amended.
Participation and Deliberation
Knowledge and Skill Performance Expectations
Grade 3
C.1.3.4 Investigate origins of state and national symbols, patriotic songs, and mottos: ● American flag ● Flag etiquette ● Star Spangled Banner ● Recitation of Pledge of Allegiance ● Arkansas Motto: Regnat Populus*
C.1.3.5 Compare rights and responsibilities of citizens in different places.
C.1.3.6 Use deliberative processes, including listening, discussing, consensus building, and voting, when making decisions and acting upon civic problems.
Civics
C.1 Students will understand the impact of origins, structures, and functions of institutions and laws on society and citizens. This includes personal civic rights, roles, responsibilities, and processes by which laws are made and amended.
Process, Rules, and Laws
Knowledge and Skill Performance Expectations
Grade 3
C.1.3.7 Describe the processes for creating rules and laws at the local level (e.g., zoning, ordinances).
C.1.3.8 Identify ways people influence rules and laws to improve communities.
C.1.3.9 Identify ways local and state communities work together in response to problems.
Economics
E.1 Students will understand the impact of economic decision-making. This includes the exchange of goods and services; role of producers, consumers, and government in the marketplace; and growth, stability, and interdependence within a global economy.
Economic Decision-Making
Knowledge and Skill Performance Expectations
Grade 3
E.1.3.1 Discuss how scarcity and opportunity cost influence decision-making.
E.1.3.2 Evaluate problems, alternatives, and trade-offs involved in making a decision such as the cost-benefit decision tree.
Economics
E.1 Students will understand the impact of economic decision-making. This includes the exchange of goods and services; role of producers, consumers, and government in the marketplace; and growth, stability, and interdependence within a global economy.
Exchange and Markets
Knowledge and Skill Performance Expectations
Grade 3
E.1.3.3 Explain the relationship between knowledge, skills, education, and experience (i.e., human capital) to productivity.
E.1.3.4 Identify ways entrepreneurs and businesses organize human, natural, and capital resources to produce goods and services.
E.1.3.5 Analyze economic factors in a market including supply, demand, competition, and incentives.
Economics
E.1 Students will understand the impact of economic decision-making. This includes the exchange of goods and services; role of producers, consumers, and government in the marketplace; and growth, stability, and interdependence within a global economy.
Growth and Stability
Knowledge and Skill Performance Expectations
Grade 3
E.1.3.6 Explain purpose and functions of money in the United States.
E.1.3.7e.g., Explain the purpose (e.g., safeguard assets, offer loans) and functions (e.g., storing money, transferring money, lending money) of banks.
E.1.3.8 Explain the difference between public and private goods and services (e.g., food, clothing, cars).
E.1.3.9 Identify factors that affect our economy ● unemployment ● inflation ● printing of money ● availability of skilled workers
Economics
E.1 Students will understand the impact of economic decision-making. This includes the exchange of goods and services; role of producers, consumers, and government in the marketplace; and growth, stability, and interdependence within a global economy.
Global Economy
Knowledge and Skill Performance Expectations
Grade 3
E.1.3.10 Construct explanations that demonstrate the relationships among imports, exports, and global interdependence (e.g., oil, energy, lumber, crops, technology).
E.1.3.11 Describe the effects of trade on people in various places such as: ● increases in economic growth ● competition ● experience producing for foreign markets ● decreases in certain job markets ● depletion of natural resources ● outsourcing
Geography
G.1 Students will understand the purpose of geographic tools (e.g., maps, globes, charts, graphs) to understand, analyze, and explain human interaction with each other and with the environment. This includes the spatial characteristics and patterns of human settlement and connections between global regions.
Geographic Representations
Knowledge and Skill Performance Expectations
Grade 3
G.1.3.1 Describe the spatial organization of local and global places based upon the relative location, distance, direction, legend, compass rose, and scale on a map.
G.1.3.2 Use thematic maps to show the interactions that shape the physical and human characteristics of local and global places.
G.1.3.3 Create maps to illustrate the physical and human characteristics of a place or region, including titles, symbols, legends, a compass rose, and scale.
Geography
G.1 Students will understand the purpose of geographic tools (e.g., maps, globes, charts, graphs) to understand, analyze, and explain human interaction with each other and with the environment. This includes the spatial characteristics and patterns of human settlement and connections between global regions.
Human-Environment Interaction
Knowledge and Skill Performance Expectations
Grade 3
G.1.3.4 Examine environmental problems and ways in which humans address them.
G.1.3.5 Investigate the cultural characteristics of various places and regions from around the world.
G.1.3.6 Investigate the influence of physical characteristics upon people’s choices in Arkansas and the United States (i.e., where people live and work).
Geography
G.1 Students will understand the purpose of geographic tools (e.g., maps, globes, charts, graphs) to understand, analyze, and explain human interaction with each other and with the environment. This includes the spatial characteristics and patterns of human settlement and connections between global regions.
Spatial Patterns and Movement
Knowledge and Skill Performance Expectations
Grade 3
G.1.3.7 Analyze how natural resources such as metals, sand, stone, soil, freshwater, and wildlife influence human settlement patterns in various geographic regions (e.g., Rocky Mountains, Coastal Plains, Southwest).
G.1.3.8 Explain effects of the movement and distribution of people, goods, and ideas on communities using geographic sources such as maps, satellite images, and geospatial technologies.
G.1.3.9 Describe various cultural groups and reasons why they settled in Arkansas or the United States (i.e., push-pull factors).
Geography
G.1 Students will understand the purpose of geographic tools (e.g., maps, globes, charts, graphs) to understand, analyze, and explain human interaction with each other and with the environment. This includes the spatial characteristics and patterns of human settlement and connections between global regions.
Global Interconnections
Knowledge and Skill Performance Expectations
Grade 3
G.1.3.10 Trace global connections of raw materials that are used to produce familiar products which may include: ● diamonds: drilling, polishing ● quartz: glass-making, sandpaper ● bauxite: aluminum metal ● bromine: pesticides, water treatment
G.1.3.11 Describe ways natural and human-made disasters in one place affect people living in other places (e.g., war and natural disasters affecting food supply).
History
H.1 Students will understand chronology, patterns of continuity, and change over time. This includes the contextualization of historical events and ways people gather, view, construct, and interpret historical evidence.
Chronology, Change over time, Contextualization
Knowledge and Skill Performance Expectations
Grade 3
H.1.3.1 Create historical narratives using chronological sequences of events across Arkansas and/or the world. Events may include: ● Formation of the thirteen colonies* ● Founding of the United States in 1776 ● Arkansas statehood ● Louisiana Purchase* ● Civil War ● Emancipation Proclamation* ● Gettysburg Address* ● Invention of the lightbulb ● Human mastery of flight ● Declaration of Human Rights ● Formation of the United Nations ● Discovery of DNA
H.1.3.2 Explain the historical significance of people and events using timelines. People and events may include: ● Historical Arkansans: Colonel Faulkner, Hattie Caraway*, Bill Clinton* ● Historical Americans: George Washington*, Thomas Jefferson, Harriet Tubman, Dr. Martin Luther King, Jr. ● Historical events: the Boston Tea Party*, American Revolution*, Civil War*, Reconstruction*
H.1.3.3 Compare life from a specific historical time period to life today noting changes over time (e.g., transportation, jobs, urban growth, population density, natural resources, communication).
H.1.3.4 Analyze individuals, groups, and events to understand why their contributions are important to the heritage of the United States and Arkansas ● Indigenous peoples such as the Caddo*, Quapaw*, Osage*, and Cherokee* ● Harriet Tubman* ● Clara Barton ● Rosa Parks* ● Eleanor Roosevelt* ● Dr. Martin Luther King, Jr.*
H.1.3.5 Investigate relationships of state and national symbols, holidays, and historic places to historical events. ● Liberty Bell ● Fourth of July ● Daisy Bates Day ● Little Rock Nine ● Little Rock Central High School
History
H.1 Students will understand chronology, patterns of continuity, and change over time. This includes the contextualization of historical events and ways people gather, view, construct, and interpret historical evidence.
Perspective, Evidence, Causation
Knowledge and Skill Performance Expectations
Grade 3
H.1.3.6 Identify and explain multiple perspectives in historical narratives.
H.1.3.7 Justify answers to compelling questions about a significant historical event or person from Arkansas or the United States using evidence from both primary and secondary sources.
H.1.3.8 Discuss the intended audience and purpose of primary and secondary sources.
H.1.3.6 Identify and explain multiple perspectives in historical narratives.","Course Focus and Content Grades K-4 Social Studies provides an introduction to civics, economics, geography, and history. Basic skills and foundational knowledge are developed through practical classroom experiences that access and develop personal connections to the content. Students learn through social studies lenses that begin by focusing on the narrower and more manageable viewpoint of self and personal experience, expanding to community, state, nation, and ultimately to a broader world view.",,AR_Grades_K-4_Social_Studies_Standards_2022_LS.pdf,"AR_Grades_K-4_Social_Studies_Standards_2022_LS.pdf: u494-u497 (page 21) are garbled fragments ('reasons and', 'tha', 'people, goods, and ideas', 'move from place to place.') that look like overflow of G.1.2.8 text; assigned to grade 2 as standards.
AR_Grades_K-4_Social_Studies_Standards_2022_LS.pdf: u595-u605 (page 27) repeat KPEs H.1.K.6-H.1.4.7 already listed at u580-u585 (duplicated rows in the source); grades taken from codes.
AR_Grades_K-4_Social_Studies_Standards_2022_LS.pdf: u376 reads 'E.1.3.7e.g., Explain...' (extraction glitch); grade 3 from code.
AR_Grades_K-4_Social_Studies_Standards_2022_LS.pdf: At a Glance page 6: u97 is Grade 3 (column 5) and the Grade 4 cell for Processes, Rules, and Laws is missing from the extraction; Geography Spatial Patterns row has no K/1 gap issues.
AR_Grades_K-4_Social_Studies_Standards_2022_LS.pdf: K-12 overview and C3 skills labeled K-4 (all grades of the document).
AR_Grades_K-4_Social_Studies_Standards_2022_LS.pdf: Teacher notes embedded in KPE cells (u230-u231) and in-cell 'This may include' lists are not split from their KPE (labeled standards, not examples)."
AR_04,AR,[4],,,"Dimension 1
Dimension 3
Dimension 4
Developing Questions and Planning Inquiries
Evaluating Sources and Using Evidence
Communicating Conclusions and Taking
Informed Action
1. Construct compelling questions that promote inquiry around key ideas and issues 2. Develop supporting questions that contribute to inquiry: identifying facts, concepts, and interpretations 3. Answer compelling and supporting questions using appropriate and available sources that consider multiple points of view
4. Gather relevant information from multiple perspectives and a variety of sources; evaluate the credibility of the source by determining its relevance and intended use 5. Use evidence from multiple sources to answer compelling and supporting questions by developing arguments with claims, counterclaims, and explanations
6. Construct arguments and explanations that convey ideas and perspectives to appropriate audiences using print, oral, and digital technologies 7. Critique the credibility, relevance, and use of evidence in arguments and explanations proposed by self and others 8. Use disciplinary lenses within the social sciences to understand local, regional, and global problems, propose solutions, or assess strategies and options for action while applying deliberative processes
K-12 Disciplinary Standards Overview
Civics
Economics
Geography
History
C.1 Students will understand the impact of origins, structures, and functions of institutions and laws on society and citizens. This includes personal civic rights, roles, responsibilities, and processes by which laws are made and amended. C.2 Students will understand the structure and functions of various types of government and how they exercise their powers. C.3 Students will understand the role of citizens in society, the ways the government protects the rights of citizens, the electoral process, and the role of political parties. C.4 Students will understand the process of making and changing laws and the ways institutions work together in carrying out the laws. C.5 Students will understand the impact of origins, structures, and functions of institutions and laws on society and Indigenous peoples. This includes the relationship of the Native nations and the United States during various time periods. C.6 Students will understand the structure and functions of various types of tribal government and how they exercise their powers. This includes the progress and challenges of present-day Native America.
E.1 Students will understand the impact of economic decision-making. This includes the exchange of goods and services; role of producers, consumers, and government in the marketplace; and growth, stability, and interdependence within a global economy. E.2 Students will understand the impact of economic decision-making. This includes considering the marginal costs and benefits of alternatives. E.3 Students will understand the exchange of goods and services. This includes different allocation methods and changes in supply and demand; the role of producers, consumers, and government in a market economy; and the degree of competition among buyers and sellers in markets. E.4 Students will understand the growth, stability, and interdependence within a national economy. This includes the current and future state of the economy using economic indicators and monetary and fiscal policies for a variety of economic conditions. E.5 Students will understand the growth, stability, and interdependence within a global economy. This includes ways in which trade leads to increased economic interdependence. E.6 Students will understand the factors affecting income, wealth, and financial risk. This includes the role of credit in personal finance.
G.1 Students will understand the purpose of geographic tools (e.g., maps, globes, charts, graphs) to understand, analyze, and explain human interaction with each other and with the environment. This includes the spatial characteristics and patterns of human settlement and connections between global regions. G.2 Students will understand the purpose of geographic tools (e.g., maps, globes, charts, graphs) to interpret spatial information. This includes spatial organization of people, cultures, places, and environments within various regions and geographic skills to interpret the past, present, and plan for the future. G.3 Students will understand the characteristics of different physical and cultural regions and how they change over time (through demographic changes, migration, settlement, and conflict). This includes the impact physical geography has on human systems, including politics, culture, economics, and use of resources and how a region or culture interacts with itself, the environment, and other regions and cultures. G.4 Students will understand the impact humans have on the environment. This includes the distribution, management, and consumption of resources. G.5 Students will understand the impact Indigenous peoples have on the environment. This includes the communal view of how Indigenous peoples utilized the land and resources; and the characteristics of the original Indigenous peoples of Arkansas by analyzing artifacts, artwork, and other sources.
H.1 Students will understand chronology, patterns of continuity, and change over time. This includes the contextualization of historical events and ways people gather, view, construct, and interpret historical evidence. H.2 Students will understand key historical periods from the beginning of civilization (World Era 1) through 1500 C.E. (World Era 5). This includes the patterns of social, economic, and political change over time and the ways people view, construct, and interpret the history of nations and cultures of the world. H.3 Students will understand key historical periods from the United States' Beginnings (Era 1) through 1850 (Era 4). This includes the patterns of social, economic, and political change over time and the ways people view, construct, and interpret the history of the United States. H.4 Students will understand key historical periods from Civil War and Reconstruction (Era 5) to the Emergence of Modern America, 1890-1930 (Era 7). This includes the patterns of social, economic, and political change over time and the ways people view, construct, and interpret the history of the United States. H.5 Students will understand key historical periods from the Great Depression and World War II, 1929-1945 (Era 8), to the Contemporary United States, 1968 to Present (Era 10). This includes the patterns of social, economic, and political change over time and the ways people view, construct, and interpret the history of the United States. H.6 Students will understand key historical periods from the Emergence of the First Global Age, 1450-1770 (World Era 6), to the Twentieth Century Since 1945 (World Era 9). This includes the patterns of social, economic, and political change over time and the ways people view, construct, and interpret the history of nations and cultures of the world.
Civics
C.1 Students will understand the impact of origins, structures, and functions of institutions and laws on society and citizens. This includes personal civic rights, roles, responsibilities, and processes by which laws are made and amended.
Grade 4
A Growing and Changing Society
Civic and Political Institutions
● Amendments ● Bill of Rights ● Preamble
Participation and Deliberation
● Leaders who influenced change
Processes, Rules, and Laws
Economics
E.1 Students will understand the impact of economic decision-making. This includes the exchange of goods and services; role of producers, consumers, and government in the marketplace; and growth, stability, and interdependence within a global economy.
Grade 4
Economic Interdependence
Economic Decision-Making
● Effects of economic decision-making
Exchange and Markets
● Organization of resources to produce goods and services ● Effects of supply and demand
Growth and Stability
● Financial institutions and government agencies ● Inflation, deflation, and unemployment
Global Economy
● Economic interdependence between Arkansas and the global economy
Geography
G.1 Students will understand the purpose of geographic tools (e.g., maps, globes, charts, graphs) to understand, analyze, and explain human interaction with each other and with the environment. This includes the spatial characteristics and patterns of human settlement and connections between global regions.
Grade 4
Global Connections
Geographic Representations
● Global landscape
Human- Environment Interaction
● Human-generated changes on the physical environment
Spatial Patterns and Movement
● Influences of migration and immigration
Global Interconnections
● Global connections through trade, transportation, communication, and technology ● Relief efforts during and after a disaster
History
H.1.Students will understand chronology, patterns of continuity, and change over time. This includes the contextualization of historical events and ways people gather, view, construct, and interpret historical evidence.
Grade 4
Challenges and Changes
Chronology, Change Over Time, Contextualization
● Civil Rights Movement ● Social reformers ● Historic places and National Parks
Perspective, Historical Evidence, Causation
● Inquiry project on a local or global issue
Grade Level Themes
Grade 4
Making a Difference: Finding Solutions that Improve Our World
Civics
C.1 Students will understand the impact of origins, structures, and functions of institutions and laws on society and citizens. This includes personal civic rights, roles, responsibilities, and processes by which laws are made and amended.
Civic and Political Institutions
Knowledge and Skill Performance Expectations
Grade 4
C.1.4.1 Explain the rights and responsibilities citizens have according to the Declaration of Independence, U.S. Constitution, and Bill of Rights: ● Freedoms (religion, speech, press, peaceable assembly) ● Rights (personal protection, fair trial by jury, vote, fair and equal treatment under the law) ● Responsibility to respect the rights and property of others
C.1.4.2 Explain the responsibilities government officials have to follow the law, to protect the rights of citizens, and to have integrity in different branches of government at various levels (i.e., local, state, federal).
C.1.4.3 Compare state and federal governments' origins, functions, and structures.
Civics
C.1 Students will understand the impact of origins, structures, and functions of institutions and laws on society and citizens. This includes personal civic rights, roles, responsibilities, and processes by which laws are made and amended.
Participation and Deliberation
Knowledge and Skill Performance Expectations
Grade 4
C.1.4.4 Analyze the role state and national symbols, patriotic songs, and mottos play in fostering citizenship: ● American and Arkansas flags ● Flag etiquette ● Star Spangled Banner ● Recitation of Pledge of Allegiance ● Statue of Liberty ● Arkansas motto and state seal
C.1.4.5 Evaluate changes in citizens’ rights and responsibilities over time.
C.1.4.6 Evaluate decision-making processes such as used for acting upon civic problems.
Civics
C.1 Students will understand the impact of origins, structures, and functions of institutions and laws on society and citizens. This includes personal civic rights, roles, responsibilities, and processes by which laws are made and amended.
Process, Rules, and Laws
Knowledge and Skill Performance Expectations
Grade 4
C.1.4.7 Compare the processes for creating rules and laws at the local and state levels: ● city ordinance v. state law ● city council v. state legislators
C.1.4.8 Examine the relationship between people and rules/laws.
C.1.4.9 Analyze group actions and responses to local, state, national, and/or global problems.
Economics
E.1 Students will understand the impact of economic decision-making. This includes the exchange of goods and services; role of producers, consumers, and government in the marketplace; and growth, stability, and interdependence within a global economy.
Economic Decision-Making
Knowledge and Skill Performance Expectations
Grade 4
E.1.4.1 Analyze the effects of scarcity and opportunity cost during the decision-making process.
E.1.4.2 Apply an economic decision-making model when making decisions such as the PACED decision-making.
Economics
E.1 Students will understand the impact of economic decision-making. This includes the exchange of goods and services; role of producers, consumers, and government in the marketplace; and growth, stability, and interdependence within a global economy.
Exchange and Markets
Knowledge and Skill Performance Expectations
Grade 4
E.1.4.3 Analyze how knowledge, skills, education, and experience (i.e., human capital) can impact productivity, career advancement, and potential income.
E.1.4.4 Explain ways entrepreneurs and businesses organize human, natural, and capital resources to produce goods and services such as Walmart, J.B. Hunt, Tyson Foods, Dillard’s.
E.1.4.5 Explain effects of supply and demand on prices.
Economics
E.1 Students will understand the impact of economic decision-making. This includes the exchange of goods and services; role of producers, consumers, and government in the marketplace; and growth, stability, and interdependence within a global economy.
Growth and Stability
Knowledge and Skill Performance Expectations
Grade 4
E.1.4.6 Compare methods of exchange in the United States and around the world (e.g., money, currency, bartering, metals, markets).
E.1.4.7 Describe the types of financial institutions and their roles in an economy (e.g., banks, Federal Reserve, credit unions, investment firms).
E.1.4.8 Examine ways governments pay for the goods and services they provide through taxation and fees.
E.1.4.9 Explain the meaning of inflation, deflation, and unemployment.
Economics
E.1 Students will understand the impact of economic decision-making. This includes the exchange of goods and services; role of producers, consumers, and government in the marketplace; and growth, stability, and interdependence within a global economy.
Global Economy
Knowledge and Skill Performance Expectations
Grade 4
E.1.4.10 Explain how trading commodities (e.g., soybeans, rice, cotton) has led to economic interdependence between Arkansas, other states, and other countries (e.g., Canada, Mexico, Saudi Arabia).
E.1.4.11 Explain effects of increasing economic interdependence on different groups within a nation, which may include Arkansas’s agricultural industry and its impact on natural resources, increased competition, and the shift in labor force.
Geography
G.1 Students will understand the purpose of geographic tools (e.g., maps, globes, charts, graphs) to understand, analyze, and explain human interaction with each other and with the environment. This includes the spatial characteristics and patterns of human settlement and connections between global regions.
Geographic Representations
Knowledge and Skill Performance Expectations
Grade 4
G.1.4.1 Compare relative and absolute location (e.g., latitude and longitude) of local and global places on a map.
G.1.4.2 Compare and contrast the interactions that shape the physical and human characteristics of global places using thematic maps (e.g., climate, political, physical).
G.1.4.3 Create maps to compare the physical and human characteristics of different places or regions, including titles, symbols, legends, a compass rose, and scale.
Geography
G.1 Students will understand the purpose of geographic tools (e.g., maps, globes, charts, graphs) to understand, analyze, and explain human interaction with each other and with the environment. This includes the spatial characteristics and patterns of human settlement and connections between global regions.
Human-Environment Interaction
Knowledge and Skill Performance Expectations
Grade 4
G.1.4.4 Analyze effects of human impact on the environment over time including deforestation/reforestation, flood control, pollution, and urbanization.
G.1.4.5 Compare the cultural characteristics of various places and region from around the world.
G.1.4.6 Analyze ways physical characteristics affect population distribution in Arkansas, the United States, and the world.
Geography
G.1 Students will understand the purpose of geographic tools (e.g., maps, globes, charts, graphs) to understand, analyze, and explain human interaction with each other and with the environment. This includes the spatial characteristics and patterns of human settlement and connections between global regions.
Spatial Patterns and Movement
Knowledge and Skill Performance Expectations
Grade 4
G.1.4.7 Compare how natural resources such as metals, sand, stone, soil, freshwater, and wildlife influence human settlement patterns in various geographic regions (e.g., Rocky Mountains, Coastal Plains, Southwest).
G.1.4.8 Determine effects of movement and distribution of people, goods, and ideas on various places using geographic sources such as maps, satellite images, and geospatial technologies.
G.1.4.9 Compare push-pull factors that influenced immigration to and migration within the United States, which may include: ● natural resources ● employment opportunities ● political freedom ● economic freedom ● religious freedom
Geography
G.1 Students will understand the purpose of geographic tools (e.g., maps, globes, charts, graphs) to understand, analyze, and explain human interaction with each other and with the environment. This includes the spatial characteristics and patterns of human settlement and connections between global regions.
Global Interconnections
Knowledge and Skill Performance Expectations
Grade 4
G.1.4.10 Describe global connections created through increased trade, transportation, communication, and technology (e.g., tourism; social media; cities and hubs that are central to social, economic, and political decisions; introduction of plant and insect species).
G.1.4.11 Analyze ways communities cooperate in providing relief efforts during and after natural and human-made disasters.
History
H.1 Students will understand chronology, patterns of continuity, and change over time. This includes the contextualization of historical events and ways people gather, view, construct, and interpret historical evidence.
Chronology, Change over time, Contextualization
Knowledge and Skill Performance Expectations
Grade 4
H.1.4.1 Create historical narratives using chronological sequences of related events in Arkansas and/or the world. ● Trail of Tears* and the Indian Removal Act* ● Arkansas Suffrage Movement and the 19th Amendment ● Civil Rights Movement* ● Brown vs. the Board of Education* and Little Rock Nine*
H.1.4.2 Interpret timelines to show relationships among people, events, and movements in Arkansas and/or the world between 1850-1880: ● In U.S. history, national expansion and reform, pioneer life*, slavery* ● In Arkansas history, The Arkansas Traveler
H.1.4.3 Compare life from a specific historical time period to life today to explain changes over time (e.g., economic growth, urbanization, resources, population density, environmental issues).
H.1.4.4 Analyze the impact of individuals and events on the past, present, and future ● Thomas Jefferson* ● Alexander Hamilton* ● Thomas Paine* ● James and Dolley Madison* ● Abraham Lincoln* ● Role of women such as Mary Jackson, Katherine Johnson, and Dorothy Vaughan in STEM careers)
H.1.4.5 Reference historic places and national parks to guide inquiry about history. ● Toltec Mounds ● Hot Springs National Park ● Ouachita National Forest
History
H.1 Students will understand chronology, patterns of continuity, and change over time. This includes the contextualization of historical events and ways people gather, view, construct, and interpret historical evidence.
Perspective, Evidence, Causation
Knowledge and Skill Performance Expectations
Grade 4
H.1.4.6 Describe how perspectives of different individuals and groups shaped the historical sources they created.
H.1.4.7 Identify reasons that individuals and groups developed differing perspectives during the same historical period.
H.1.4.8 Develop original claims to answer compelling questions about a significant historical event or person from Arkansas or the United States using evidence from both primary and secondary sources.
H.1.4.9 Identify and discuss the benefits and challenges of using a variety of primary and secondary sources in historical inquiry (e.g., first-hand information and multiple perspectives versus author bias, incomplete information, and inaccurate interpretation).
H.1.4.6 Describe how perspectives of different individuals and groups shaped the historical sources they created.
H.1.4.7 Identify reasons that individuals and groups developed differing perspectives during the same historical period.","Course Focus and Content Grades K-4 Social Studies provides an introduction to civics, economics, geography, and history. Basic skills and foundational knowledge are developed through practical classroom experiences that access and develop personal connections to the content. Students learn through social studies lenses that begin by focusing on the narrower and more manageable viewpoint of self and personal experience, expanding to community, state, nation, and ultimately to a broader world view.",,AR_Grades_K-4_Social_Studies_Standards_2022_LS.pdf,"AR_Grades_K-4_Social_Studies_Standards_2022_LS.pdf: u494-u497 (page 21) are garbled fragments ('reasons and', 'tha', 'people, goods, and ideas', 'move from place to place.') that look like overflow of G.1.2.8 text; assigned to grade 2 as standards.
AR_Grades_K-4_Social_Studies_Standards_2022_LS.pdf: u595-u605 (page 27) repeat KPEs H.1.K.6-H.1.4.7 already listed at u580-u585 (duplicated rows in the source); grades taken from codes.
AR_Grades_K-4_Social_Studies_Standards_2022_LS.pdf: u376 reads 'E.1.3.7e.g., Explain...' (extraction glitch); grade 3 from code.
AR_Grades_K-4_Social_Studies_Standards_2022_LS.pdf: At a Glance page 6: u97 is Grade 3 (column 5) and the Grade 4 cell for Processes, Rules, and Laws is missing from the extraction; Geography Spatial Patterns row has no K/1 gap issues.
AR_Grades_K-4_Social_Studies_Standards_2022_LS.pdf: K-12 overview and C3 skills labeled K-4 (all grades of the document).
AR_Grades_K-4_Social_Studies_Standards_2022_LS.pdf: Teacher notes embedded in KPE cells (u230-u231) and in-cell 'This may include' lists are not split from their KPE (labeled standards, not examples)."
AR_05,AR,[5],,,"Grade 5 World Geography
Dimension 1
Dimension 3
Dimension 4
Developing Questions and Planning Inquiries
Evaluating Sources and Using Evidence
Communicating Conclusions and Taking
Informed Action
1. Construct compelling questions that promote inquiry around key ideas and issues 2. Develop supporting questions that contribute to inquiry: identifying facts, concepts, and interpretations 3. Answer compelling and supporting questions using appropriate and available sources that consider multiple points of view
4. Gather relevant information from multiple perspectives and a variety of sources; evaluate the credibility of the source by determining its relevance and intended use 5. Use evidence from multiple sources to answer compelling and supporting questions by developing arguments with claims, counterclaims, and explanations
6. Construct arguments and explanations that convey ideas and perspectives to appropriate audiences using print, oral, and digital technologies 7. Critique the credibility, relevance, and use of evidence in arguments and explanations proposed by self and others 8. Use disciplinary lenses within the social sciences to understand local, regional, and global problems, propose solutions, or assess strategies and options for action while applying deliberative processes
K-12 Disciplinary Standards Overview
Civics
Economics
Geography
History
C.1 Students will understand the impact of origins, structures, and functions of institutions and laws on society and citizens. This includes personal civic rights, roles, responsibilities, and processes by which laws are made and amended. C.2 Students will understand the structure and functions of various types of government and how they exercise their powers. C.3 Students will understand the role of citizens in society, the ways the government protects the rights of citizens, the electoral process, and the role of political parties. C.4 Students will understand the process of making and changing laws and the ways institutions work together in carrying out the laws. C.5 Students will understand the impact of origins, structures, and functions of institutions and laws on society and Indigenous peoples. This includes the relationship of the Native nations and the United States during various time periods. C.6 Students will understand the structure and functions of various types of tribal government and how they exercise their powers. This includes the progress and challenges of present-day Native America.
E.1 Students will understand the impact of economic decision-making. This includes the exchange of goods and services; role of producers, consumers, and government in the marketplace; and growth, stability, and interdependence within a global economy. E.2 Students will understand the impact of economic decision-making. This includes considering the marginal costs and benefits of alternatives. E.3 Students will understand the exchange of goods and services. This includes different allocation methods and changes in supply and demand; the role of producers, consumers, and government in a market economy; and the degree of competition among buyers and sellers in markets. E.4 Students will understand the growth, stability, and interdependence within a national economy. This includes the current and future state of the economy using economic indicators and monetary and fiscal policies for a variety of economic conditions. E.5 Students will understand the growth, stability, and interdependence within a global economy. This includes ways in which trade leads to increased economic interdependence. E.6 Students will understand the factors affecting income, wealth, and financial risk. This includes the role of credit in personal finance.
G.1 Students will understand the purpose of geographic tools (e.g., maps, globes, charts, graphs) to understand, analyze, and explain human interaction with each other and with the environment. This includes the spatial characteristics and patterns of human settlement and connections between global regions. G.2 Students will understand the purpose of geographic tools (e.g., maps, globes, charts, graphs) to interpret spatial information. This includes spatial organization of people, cultures, places, and environments within various regions and geographic skills to interpret the past, present, and plan for the future. G.3 Students will understand the characteristics of different physical and cultural regions and how they change over time (through demographic changes, migration, settlement, and conflict). This includes the impact physical geography has on human systems, including politics, culture, economics, and use of resources and how a region or culture interacts with itself, the environment, and other regions and cultures. G.4 Students will understand the impact humans have on the environment. This includes the distribution, management, and consumption of resources. G.5 Students will understand the impact Indigenous peoples have on the environment. This includes the communal view of how Indigenous peoples utilized the land and resources; and the characteristics of the original Indigenous peoples of Arkansas by analyzing artifacts, artwork, and other sources.
H.1 Students will understand chronology, patterns of continuity, and change over time. This includes the contextualization of historical events and ways people gather, view, construct, and interpret historical evidence. H.2 Students will understand key historical periods from the beginning of civilization (World Era 1) through 1500 C.E. (World Era 5). This includes the patterns of social, economic, and political change over time and the ways people view, construct, and interpret the history of nations and cultures of the world. H.3 Students will understand key historical periods from the United States' Beginnings (Era 1) through 1850 (Era 4). This includes the patterns of social, economic, and political change over time and the ways people view, construct, and interpret the history of the United States. H.4 Students will understand key historical periods from Civil War and Reconstruction (Era 5) to the Emergence of Modern America, 1890-1930 (Era 7). This includes the patterns of social, economic, and political change over time and the ways people view, construct, and interpret the history of the United States. H.5 Students will understand key historical periods from the Great Depression and World War II, 1929-1945 (Era 8), to the Contemporary United States, 1968 to Present (Era 10). This includes the patterns of social, economic, and political change over time and the ways people view, construct, and interpret the history of the United States. H.6 Students will understand key historical periods from the Emergence of the First Global Age, 1450-1770 (World Era 6), to the Twentieth Century Since 1945 (World Era 9). This includes the patterns of social, economic, and political change over time and the ways people view, construct, and interpret the history of nations and cultures of the world.
Geography
G.2 Students will understand the purpose of geographic tools (e.g., maps, globes, charts, graphs) to interpret spatial information. This includes the spatial organization of people, cultures, places, and environments within various regions, and geographic skills to interpret the past, the present, and plan for the future.
World in Spatial Terms
● Geographic Representations ● Spatial Patterns and Movement ● Geographic Skills
Geography
G.3 Students will understand the characteristics of different physical and cultural regions and how they change over time (through demographic changes, migration, settlement, and conflict). This includes the impact physical geography has on human systems, including politics, culture, economics, and use of resources and how a region or culture interacts with itself, the environment, and other regions and cultures.
Human Systems
● Change Over Time ● Geographic Impact ● Cultural Interconnectedness
Geography
G.4 Students will understand the impact humans have on the environment. This includes the distribution, management, and consumption of resources.
Environment and Society
● Human Impact on the Environment
G.2 Students will understand the purpose of geographic tools (e.g., maps, globes, charts, graphs) to interpret spatial information. This includes the spatial organization of people, cultures, places, and environments within various regions, and geographic skills to interpret the past, the present, and plan for the future.
World in Spatial Terms
● Geographic Representations
G.2.5.1 Demonstrate proper etiquette for interacting with the Arkansas and American flags and evaluate the significance of a flag in symbolizing nationalities and boundaries around the world.
G.2.5.2 Critique the characteristics and functions of various maps, graphs, and other geographic tools to understand spatial information about different states, places, and regions (e.g., traditional maps, diagrams, aerial photographs, remotely sensed images, geographic visualization, global positioning systems, geographic information systems).
G.2.5.3 Collect geographic data to explain a pattern or phenomenon or to ask or answer a geographic question (e.g., surveys, population density, physical boundaries)
G.2.5.4 Research how environmental characteristics have impacted the culture of states, places, and regions over time. This may include seafaring/trading in coastal communities, farming cultures in river valleys, and nomadic cultures in arid climates.
G.2 Students will understand the purpose of geographic tools (e.g., maps, globes, charts, graphs) to interpret spatial information. This includes the spatial organization of people, cultures, places, and environments within various regions, and geographic skills to interpret the past, the present, and plan for the future.
World in Spatial Terms
● Spatial Patterns and Movement
G.2.5.5 Construct visual and written explanations of the spatial organization and spatial patterns of people, places, and environments. This may include maps, charts, and graphs.
G.2.5.6 Compare and contrast the combinations of physical and human characteristics that make places and regions similar and different. This may include water systems, topography, natural resources, culture, language, religious beliefs, and population density.
G.2.5.7 Analyze perceptions people have of places and regions around the world, including Arkansas, based on direct experiences (e.g., place of residence, travel) and indirect experiences (e.g., media, books, family, friends) and support or challenge those perceptions using evidence.
G.2 Students will understand the purpose of geographic tools (e.g., maps, globes, charts, graphs) to interpret spatial information. This includes the spatial organization of people, cultures, places, and environments within various regions, and geographic skills to interpret the past, the present, and plan for the future.
World in Spatial Terms
● Geographic Skills
G.2.5.8 Examine physical and cultural changes regionally over time using primary and secondary sources (e.g., maps, charts, satellite imagery, GIS technologies, beliefs, legends, journals).
G.2.5.9 Explain the influence of geography on current events and issues and future planning using maps, charts, and available geospatial technologies.
G.3 Students will understand the characteristics of different physical and cultural regions and how they change over time (through demographic changes, migration, settlement, and conflict). This includes the impact physical geography has on human systems, including politics, culture, economics, and use of resources and how a region or culture interacts with itself, the environment, and other regions and cultures.
Human Systems
● Change Over Time
G.3.5.1 Interpret demographic data (e.g., population pyramids) to explain variations of populations in different states, places, and regions.
G.3.5.2 Investigate and draw conclusions about the causes for migration in and out of a region (i.e., push-pull factors) and the impact that migration has on a region.
G.3.5.3 Identify how natural disasters and other environmental changes have influenced the responses, laws, and/or decisions of political leaders in a region.
G.3.5.4 Research the characteristics of various world regions and cultures:
● Cultural characteristics (e.g., religious beliefs, celebrations, traditions, language, child-rearing, clothing, food, beliefs, behaviors) ● Physical characteristics (e.g., mountains, rivers, deserts, plains, bodies of water)
G.3 Students will understand the characteristics of different physical and cultural regions and how they change over time (through demographic changes, migration, settlement, and conflict). This includes the impact physical geography has on human systems, including politics, culture, economics, and use of resources and how a region or culture interacts with itself, the environment, and other regions and cultures.
Human Systems
● Geographic Impact
G.3.5.5 Describe the different types of economic activities supported by natural resources within a region.
G.3.5.6 Compare advantages and disadvantages of one location over another for access to factors of production (e.g., human resources, natural resources, capital resources, entrepreneurship).
G.3.5.7 Analyze the social and economic impacts of transportation and communication networks in various regions, including state, regional, and global.
G.3 Students will understand the characteristics of different physical and cultural regions and how they change over time (through demographic changes, migration, settlement, and conflict). This includes the impact physical geography has on human systems, including politics, culture, economics, and use of resources and how a region or culture interacts with itself, the environment, and other regions and cultures.
Human Systems
● Cultural Interconnectedness
G.3.5.8 Examine physical and human characteristics that influence the division and control of the Earth’s surface:
● Resources ● Land use ● Ethnicity ● National identities ● Natural land barriers (e.g., mountains, rivers, valleys) ● Military ● Politics
G.3.5.9 Explain levels of cooperation among people in various places and regions who solve human and environmental issues.
G.3.5.10 Analyze conflicting territorial claims, including water sources or access, mineral rights, and natural resources.
G.4 Students will understand the impact humans have on the environment. This includes the distribution, management, and consumption of resources.
Environment and Society
● Human Impact on the Environment
G.4.5.1 Examine ways people and cultures depend on, adapt to, and interact with the physical environment over time (e.g., technology, habitation, transportation, agriculture, communication).
G.4.5.2 Analyze positive and negative consequences of human changes on the physical environment and its effects on other places or regions. This may include forest and land management, mining, flood control, and agriculture.
G.4.5.3 Research and evaluate the impact globalization has on states, nations, and regions, including free trade, outsourcing, multinational corporations, and international supply chains.
G.4.5.4 Evaluate the impact that resource scarcity has on a region. This may include lack of clean drinking water, land scarcity, labor shortage, and supply chain shortages.
G.4.5.5 Critique various sustainability practices humans use to preserve resources and minimize environmental impact. This may include forest management (e.g., controlled burns), flood control (e.g., river levees, artificial lakes), use of alternative forms of energy (e.g., wind, solar, nuclear), modern agricultural techniques (e.g., organic farming, hydroponics, no-till farming).
G.4.5.6 Evaluate the sustainability of resources achieved through civic actions.","Course Focus and Content Grade 5 Social Studies supports students' growth in spatial thinking and understanding global issues as interdependent in nature. Students will develop geographic skills within these standards as they progress through major units of study. Teachers may choose to organize these units in a regional or thematic structure. Students gain a deeper understanding of concepts when they are given the opportunity to explore examples of those concepts in places and regions around the world. This course lends itself to students examining global issues through case studies of countries and regions. Geography requires using spatial thinking, asking and answering questions about global interconnections and spatial patterns, and applying geographic skills and tools. Creating maps supports students’ ability to synthesize information from a variety of sources. Through this course, students will be able to recognize and understand spatial patterns and relationships.
Teacher Note: Example current geography issues may include population growth in northwest Arkansas, economic development in central Arkansas, and use of natural resources in south Arkansas.
Teacher Note: Examples may include hurricane-prone areas, floodplains, and desert regions (e.g., Lake Mead)
Teacher Note: Different regions of Arkansas with their natural resources may include:
● Arkansas River Valley (e.g., agriculture, coal, natural gas, water) ● Crowley’s Ridge (e.g., agriculture) ● Mississippi Alluvial Plain (Delta) (e.g., agriculture, waterfowl, fish) ● Ouachita Mountains (e.g., thermal springs, timber, quartz) ● Ozark Mountains (e.g., minerals, natural gas) ● West Gulf Coastal Plain (Timberlands) (e.g., bromine, diamonds, timber, bauxite, oil, wild game)","Social Studies Academic Standards
Revised 2022
Integrating Standards and Selecting Content Topics The disciplinary strands, standards, components, and the Knowledge and Skill Performance Expectations (KPEs and SPEs) are meant to be taught in an integrated manner, not in isolation. For example, a student might be studying an historical event or person while also learning specific civics, economics, geography, and/or history standards. The KPEs and SPEs require conceptual understanding which can be applied to future learning and additional content that may not be listed in the standards. The goal of knowledge acquisition in K-12 is for students to build knowledge and have experiences with content topics connected to their communities, the state of Arkansas, the United States, and the world. A thematic continuum of learning is provided to clarify (Figure 1) the expansion of learning from community to state to the world.
Figure 1
Related Laws for Social Studies A.C.A. § 1-5-109. Prisoners of War Remembrance Day. A.C.A. § 1-5-112. POW/MIA Recognition Day. A.C.A. § 1-5-113. Native American Heritage Week. A.C.A. § 1-5-114. Juneteenth Independence Day. A.C.A. § 1-5-119. Sultana Disaster Remembrance Day. A.C.A. § 6-16-101. Celebrate Freedom Week. A.C.A. § 6-16-105. United States Flag. A.C.A. § 6-16-106. Arkansas Flag. A.C.A. § 6-16-107. Patriotic Observances Generally. A.C.A. § 6-16-108. Recitation of the Pledge of Allegiance. A.C.A. § 6-16-111. Morals, Manners, Patriotism, and Business and Professional Integrity. A.C.A. § 6-16-121. African-American History – Teaching materials. A.C.A. § 6-16-122. American Heritage. A.C.A. § 6-16-148. Foundation of certain social studies or history courses offered in grades seven through twelve. A.C.A. § 6-16-154. Holocaust Education. A.C.A. § 6-16-124. Arkansas History – Required Social Studies Course. A.C.A. § 6-17-703. Arkansas History Professional Development. Teacher Note: Not all state statutes apply to the current grade level content.
Skills and Application In Grade 5, students will develop and apply disciplinary literacy skills: reading, writing, speaking, and listening. As students seek answers to compelling and supporting questions, they will examine a variety of primary and secondary sources and communicate responses in multiple ways, including oral, visual, and written forms. Students must be able to select and evaluate sources of information, draw and build upon ideas, explore issues, examine data, and analyze events from the full range of human experience to develop critical thinking skills essential for productive citizens. Grade 5 Social Studies is required by the Standards for Accreditation.
Primary and Secondary Sources and Disciplinary Literacy Standards The Disciplinary Literacy Standards for History/Social Studies guide students with the specific skills they need to engage with all social studies content. These reading and writing skills are separated by grade bands and include the use of primary and secondary sources, analysis of content from a variety of perspectives, and assessment of the credibility and accuracy of sources. Teachers should access the Disciplinary Literacy Standards Resource for History/Social Studies document through the Division of Elementary and Secondary Education website.
The College, Career, and Civic Life C3 Framework for Social Studies State Standards The acquisition of content knowledge and skills is paramount in a robust social studies program rooted in inquiry. The chart below summarizes social studies practices in four Dimensions.
● Dimensions 1, 3, and 4 of the College, Career, and Civic Life C3 Framework for Social Studies State Standards. These practices should be addressed throughout Grades K-12, building as students acquire the skills. ● Dimension 2 Applying Disciplinary Concepts and Tools sets forth the conceptual content, and the alignment to this dimension is embedded in the KPEs and SPEs.
Dimension 21 Applying Disciplinary Concepts and Tools
Civics
Economics
Geography
History
Social Sciences
● Civic and Political Institutions ● Participation and Deliberation ● Processes, Rules, and Laws
● Economic Decision-Making ● Exchange and Markets ● Growth and Stability ● The National Economy ● The Global Economy
● Geographic Representations: Spatial Views of the World ● Human-Environment Interaction: Place, Regions, and Culture ● Human Populations: Spatial Patterns and Movements ● Global Interconnections: Global Spatial Patterns
● Change, Continuity, and Context ● Perspectives ● Historical Sources and Evidence ● Causation and Argumentation
● Psychology ● Sociology
1 Organizational structure of the Social Studies Academic Standards is based on disciplinary strands in the C3 Framework.
Disciplinary Standards At a Glance
Disciplinary Strand
Disciplinary Standard
Disciplinary Component
● Grade or Course Specific Components
Disciplinary Note
The major work of the Grade 5 World Geography course includes the disciplinary strands of Civics, Economics, Geography, and History. Each disciplinary strand is meant to be taught in an integrated manner, not in isolation. Teacher Note: Concepts of the Civics, Economic, and History strands are implicitly addressed in the embedded KPEs and SPEs.
Civics
Economics
History
● Civic and Political Institutions ● Participation and Deliberation ● Processes, Rules, and Laws
● Economic Decision-Making ● Exchange and Markets ● Growth and Stability ● The National Economy ● The Global Economy
● Change, Continuity, and Context ● Perspectives ● Historical Sources and Evidence ● Causation and Argumentation
Disciplinary Strand
Disciplinary Standard
Disciplinary Component
Grade
Knowledge and Skill Performance Expectation",AR_Grades_5-6_Social_Studies_Standards_2022_LS.pdf,"AR_Grades_5-6_Social_Studies_Standards_2022_LS.pdf: The Grade 5 section has no K-12 lists in Grade 5 KPE other than u150, u163 etc.; 'This may include' sentences inside KPE units (e.g. u108, u119, u120) kept with the standard (units not split).
AR_Grades_5-6_Social_Studies_Standards_2022_LS.pdf: u449 and similar Era headings combine era title and theme; labeled standards.
AR_Grades_5-6_Social_Studies_Standards_2022_LS.pdf: K-12 overview and C3 skills labeled per section (5 or 6)."
AR_06,AR,[6],,,"World History Era 1: Beginnings of Civilizations
through Era 5: 1500 C.E.
Dimension 1 Developing Questions and Planning
Dimension 3
Dimension 4
Evaluating Sources and Using Evidence
Communicating Conclusions and Taking
Inquiries
Informed Action
1. Construct compelling questions that promote inquiry around key ideas and issues 2. Develop supporting questions that contribute to inquiry: identifying facts, concepts, and interpretations 3. Answer compelling and supporting questions using appropriate and available sources that consider multiple points of view
4. Gather relevant information from multiple perspectives and a variety of sources; evaluate the credibility of the source by determining its relevance and intended use 5. Use evidence from multiple sources to answer compelling and supporting questions by developing arguments with claims, counterclaims, and explanations
6. Construct arguments and explanations that convey ideas and perspectives to appropriate audiences using print, oral, and digital technologies 7. Critique the credibility, relevance, and use of evidence in arguments and explanations proposed by self and others 8. Use disciplinary lenses within the social sciences to understand local, regional, and global problems, propose solutions, or assess strategies and options for action while applying deliberative processes
K-12 Disciplinary Standards Overview
Civics
Economics
Geography
History
C.1 Students will understand the impact of origins, structures, and functions of institutions and laws on society and citizens. This includes personal civic rights, roles, responsibilities, and processes by which laws are made and amended. C.2 Students will understand the structure and functions of various types of government and how they exercise their powers. C.3 Students will understand the role of citizens in society, the ways the government protects the rights of citizens, the electoral process, and the role of political parties. C.4 Students will understand the process of making and changing laws and the ways institutions work together in carrying out the laws. C.5 Students will understand the impact of origins, structures, and functions of institutions and laws on society and Indigenous peoples. This includes the relationship of the Native nations and the United States during various time periods. C.6 Students will understand the structure and functions of various types of tribal government and how they exercise their powers. This includes the progress and challenges of present-day Native America.
E.1 Students will understand the impact of economic decision-making. This includes the exchange of goods and services; role of producers, consumers, and government in the marketplace; and growth, stability, and interdependence within a global economy. E.2 Students will understand the impact of economic decision-making. This includes considering the marginal costs and benefits of alternatives. E.3 Students will understand the exchange of goods and services. This includes different allocation methods and changes in supply and demand; the role of producers, consumers, and government in a market economy; and the degree of competition among buyers and sellers in markets. E.4 Students will understand the growth, stability, and interdependence within a national economy. This includes the current and future state of the economy using economic indicators and monetary and fiscal policies for a variety of economic conditions. E.5 Students will understand the growth, stability, and interdependence within a global economy. This includes ways in which trade leads to increased economic interdependence. E.6 Students will understand the factors affecting income, wealth, and financial risk. This includes the role of credit in personal finance.
G.1 Students will understand the purpose of geographic tools (e.g., maps, globes, charts, graphs) to understand, analyze, and explain human interaction with each other and with the environment. This includes the spatial characteristics and patterns of human settlement and connections between global regions. G.2 Students will understand the purpose of geographic tools (e.g., maps, globes, charts, graphs) to interpret spatial information. This includes spatial organization of people, cultures, places, and environments within various regions and geographic skills to interpret the past, present, and plan for the future. G.3 Students will understand the characteristics of different physical and cultural regions and how they change over time (through demographic changes, migration, settlement, and conflict). This includes the impact physical geography has on human systems, including politics, culture, economics, and use of resources and how a region or culture interacts with itself, the environment, and other regions and cultures. G.4 Students will understand the impact humans have on the environment. This includes the distribution, management, and consumption of resources. G.5 Students will understand the impact Indigenous peoples have on the environment. This includes the communal view of how Indigenous peoples utilized the land and resources; and the characteristics of the original Indigenous peoples of Arkansas by analyzing artifacts, artwork, and other sources.
H.1 Students will understand chronology, patterns of continuity, and change over time. This includes the contextualization of historical events and ways people gather, view, construct, and interpret historical evidence. H.2 Students will understand key historical periods from the beginning of civilization (World Era 1) through 1500 C.E. (World Era 5). This includes the patterns of social, economic, and political change over time and the ways people view, construct, and interpret the history of nations and cultures of the world. H.3 Students will understand key historical periods from the United States' Beginnings (Era 1) through 1850 (Era 4). This includes the patterns of social, economic, and political change over time and the ways people view, construct, and interpret the history of the United States. H.4 Students will understand key historical periods from Civil War and Reconstruction (Era 5) to the Emergence of Modern America, 1890-1930 (Era 7). This includes the patterns of social, economic, and political change over time and the ways people view, construct, and interpret the history of the United States. H.5 Students will understand key historical periods from the Great Depression and World War II, 1929-1945 (Era 8), to the Contemporary United States, 1968 to Present (Era 10). This includes the patterns of social, economic, and political change over time and the ways people view, construct, and interpret the history of the United States. H.6 Students will understand key historical periods from the Emergence of the First Global Age, 1450-1770 (World Era 6), to the Twentieth Century Since 1945 (World Era 9). This includes the patterns of social, economic, and political change over time and the ways people view, construct, and interpret the history of nations and cultures of the world.
Civics
C.1 Students will understand the impact of origins, structures, and functions of institutions and laws on society and citizens. This includes personal civic rights, roles, responsibilities, and processes by which laws are made and amended.
Government Influences on Civilizations
Civic and Political Institutions
● Origins and impacts of historical documents
Participation and Deliberation
● Civic virtue and social responsibility
Processes, Rules, and Laws
● Function of policies in society
Economics
E.1 Students will understand the impact of economic decision-making. This includes the exchange of goods and services; role of producers, consumers, and government in the marketplace; and growth, stability, and interdependence within a global economy.
Economic Influences on Civilizations
Economic Decision-Making
● Role of economics in emerging societies
Exchange and Markets
● Economic concepts in ancient civilizations
Growth and Stability
● Economic impact of war
Global Economy
● Development of currency
Geography
G.1 Students will understand the purpose of geographic tools (e.g., maps, globes, charts, graphs) to understand, analyze, and explain human interaction with each other and with the environment. This includes the spatial characteristics and patterns of human settlement and connections between global regions.
Geographical Influences on Civilizations
Geographic Representations
● Environmental characteristics of various places
Human-Environment Interaction
● Climate and environmental factors
Spatial Patterns and Movement
● Patterns of development
Global Interconnections
● People within civilizations
History
H.2 Students will understand key historical periods from the beginning of civilization (World Era 1) through 1500 C.E. (World Era 5). This includes the patterns of social, economic, and political change over time and the ways people view, construct, and interpret the history of nations and cultures of the world.
World History Beginnings of Civilizations Through 1500 C.E. (World Era 1 through World Era 5)
World Era 1: Beginnings to 4000 B.C.E.
● Beginnings of Human Civilization (WE1)
World Era 2: 4000-1000 B.C.E.
● Early Civilizations (WE2)
World Era 3: 1000 B.C.E.-300 C.E.
● Classical Traditions, Major Religions, and Giant Empires (WE3)
World Era 4: 300 C.E.-1000 C.E.
● Expanding Zones of Exchange and Encounter (WE4)
World Era 5: 1000 C.E.-1500 C.E.
● Global Interactions (WE5)
Civics
C.1 Students will understand the impact of origins, structures, and functions of institutions and laws on society and citizens. This includes personal civic rights, roles, responsibilities, and processes by which laws are made and amended.
Civic and Political Institutions
C.1.6.1 Research origins, purposes, and structures of government citing primary and secondary sources:
● Origins (e.g., Code of Hammurabi, Jewish Torah, Mandate of Heaven, Justinian Code, Twelve Tables, Magna Carta) ● Purposes (e.g., belief systems, resource allocation) ● Structures (e.g., patriarchal, matriarchal, tribal, city-state, national)
C.1.6.2 Compare the structure of leadership/government and functions of civilizations in different times and places (e.g., patriarchal, matriarchal, tribal, city-state, national).
Civics
C.1 Students will understand the impact of origins, structures, and functions of institutions and laws on society and citizens. This includes personal civic rights, roles, responsibilities, and processes by which laws are made and amended.
Participation and Deliberation
C.1.6.3 Compare ways in which various civilizations foster social responsibility and civic virtues.
C.1.6.4 Demonstrate proper etiquette for interacting with the Arkansas and American flags while analyzing the role of flags and symbols in world history.
C.1.6.5 Compare rights, responsibilities, and privileges of individuals in various societies to 1500 C.E.
Civics
C.1 Students will understand the impact of origins, structures, and functions of institutions and laws on society and citizens. This includes personal civic rights, roles, responsibilities, and processes by which laws are made and amended.
Process, Rules, and Laws
C.1.6.6 Evaluate the function and effects of rules, laws and treaties on civilizations by using historical documents. This may include the Code of Hammurabi, the Torah, the Twelve Tables, Law of Manu, Ancient Mayan law, Tang Code, and Justinian Code.
C.1.6.7 Analyze the impact of rules and laws on society and reasons people change rules and laws over time.
C.1.6.8 Explain the development of policies to address public problems in various civilizations over time.
Economics
E.1 Students will understand the impact of economic decision-making. This includes the exchange of goods and services; role of producers, consumers, and government in the marketplace; and growth, stability, and interdependence within a global economy.
Economic Decision-Making
E.1.6.1 Examine ways trade-offs have allowed civilizations to get the most out of scarce resources.
E.1.6.2 Analyze historical developments in various regions across the world using models of economic decision-making. Historical developments may include nomadic vs. agrarian, invasions, bartering, and trade.
Economics
E.1 Students will understand the impact of economic decision-making. This includes the exchange of goods and services; role of producers, consumers, and government in the marketplace; and growth, stability, and interdependence within a global economy.
Exchange and Markets
E.1.6.3 Demonstrate how the division of labor and specialization led to the development of civilizations. This may include the increased productivity and quality of life civilizations experienced as they transitioned out of hunter-gatherer clusters and into agrarian, pastoral, and even feudal societies in which highly specialized skills could be developed, including artisans, cultivators, educators, and warriors.
E.1.6.4 Analyze ways human, natural, and capital resources were organized to produce and deliver goods and services in early civilizations (e.g., caravans, public works projects, Silk Road, trade routes).
E.1.6.5 Compare effects of supply and demand on early markets.
E.1.6.6 Evaluate the emergence of new economic systems and their impact on civilizations (e.g., manorialism, mercantilism).
Economics
E.1 Students will understand the impact of economic decision-making. This includes the exchange of goods and services; role of producers, consumers, and government in the marketplace; and growth, stability, and interdependence within a global economy.
Growth and Stability
E.1.6.7 Sequence the development of currency as a medium of exchange (i.e., barter > trade > progression of currency).
E.1.6.8 Evaluate the economic impact of war and conflict on societies and civilizations such as siege, reduction of labor, and spread of disease.
Economics
E.1 Students will understand the impact of economic decision-making. This includes the exchange of goods and services; role of producers, consumers, and government in the marketplace; and growth, stability, and interdependence within a global economy.
Global Economy
E.1.6.9 Identify barriers to trade and their impact on civilizations such as war/conflict, infrastructure, lack of technology, and geographic limitations.
G.1 Students will understand the purpose of geographic tools (e.g., maps, globes, charts, graphs) to understand, analyze, and explain human interaction with each other and with the environment. This includes the spatial characteristics and patterns of human settlement and connections between global regions.
Geographic Representations
G.1.6.1 Analyze the locations and environmental and cultural characteristics of various societies using maps, globes, and other geographic tools.
G.1.6.2 Explain relationships between physical and human characteristics in various places using a variety of geographic tools such as maps, charts, and graphs.
G.1.6.3 Synthesize information from a variety of sources to construct maps and other geographic representations to ask and answer compelling questions.
G.1 Students will understand the purpose of geographic tools (e.g., maps, globes, charts, graphs) to understand, analyze, and explain human interaction with each other and with the environment. This includes the spatial characteristics and patterns of human settlement and connections between global regions.
Human-Environment Interaction
G.1.6.4 Analyze effects of human-generated changes on the physical environment in various places and regions over time such as large building projects, canals, irrigation, farming, and deforestation.
G.1.6.5 Analyze ways cultural characteristics influenced population distribution in various civilizations. This may include Greek city-states, Phoenecian colonies and trade cities, and Chinese agrarian society.
G.1.6.6 Analyze ways climate and environmental characteristics influenced where groups lived and how the groups adjusted to the environment in various civilizations.
G.1 Students will understand the purpose of geographic tools (e.g., maps, globes, charts, graphs) to understand, analyze, and explain human interaction with each other and with the environment. This includes the spatial characteristics and patterns of human settlement and connections between global regions.
Spatial Patterns and Movement
G.1.6.7 Analyze relationships between human settlements and movements and the location and use of natural resources in various regions.
G.1.6.8 Determine how environmental and cultural characteristics affected the distribution and movement of people, goods, and ideas in various regions of the world.
G.1.6.9 Evaluate the impact of major population shifts in various eras and regions.
G.1 Students will understand the purpose of geographic tools (e.g., maps, globes, charts, graphs) to understand, analyze, and explain human interaction with each other and with the environment. This includes the spatial characteristics and patterns of human settlement and connections between global regions.
Global Interconnections
G.1.6.10 Compare ways spatial patterns of economic activities in a place change over time because of interactions with nearby and distant places.
History - World History Beginnings of Civilizations Through 1500 C.E.
H.2 Students will understand key historical periods from the beginning of civilization (World Era 1) through 1500 C.E. (World Era 5). This includes the patterns of social, economic, and political change over time and the ways people view, construct, and interpret the history of nations and cultures of the world.
World Era 1: Beginnings of Human Civilization to 4000 B.C.E., Beginnings of Human Civilization
World Era 1
H.2.6.1 Compare the characteristics of hunter-gatherer and agrarian societies. This may include tools, shelter, diet, use of fire, cave paintings, artifacts, clothing, rituals, daily life, gender roles.
H.2.6.2 Construct arguments about lasting achievements of early civilizations.
History - World History Beginnings of Civilizations Through 1500 C.E.
H.2 Students will understand key historical periods from the beginning of civilization (World Era 1) through 1500 C.E. (World Era 5). This includes the patterns of social, economic, and political change over time and the ways people view, construct, and interpret the history of nations and cultures of the world.
World Era 2: 4000-1000 B.C.E., Early Civilizations
World Era 2
H.2.6.3 Evaluate the characteristics necessary for a civilization:
● Government/leadership structure ● Culture (e.g., religion/beliefs, accepted practices/traditions) ● Specialization of labor ● Mastery of food supply ● Technology ● Economic systems ● Education ● Communication systems (e.g., spoken language, alphabetic and/or numeric systems, hieroglyphics, illustrations)
H.2.6.4 Compare characteristics, contributions, and achievements of early river valley civilizations:
● Mesopotamia ● Egypt ● Indus River Valley ● China
H.2.6.5 Identify social and cultural effects of militarization and the emergence of new kingdoms on early civilizations (e.g., chariot transport, warfare, invaders).
History - World History Beginnings of Civilizations Through 1500 C.E.
H.2 Students will understand key historical periods from the beginning of civilization (World Era 1) through 1500 C.E. (World Era 5). This includes the patterns of social, economic, and political change over time and the ways people view, construct, and interpret the history of nations and cultures of the world.
World Era 3: 1000 B.C.E.-300 C.E., Classical Traditions, Major Religions, and Giant Empires
World Era 3
H.2.6.6 Compare reasons for the rise and decline of major empires and civilizations:
● Egypt ● Babylonia ● Kingdom of Kush ● Mali Empire ● Greece ● Gupta ● China (Han) ● Rome ● Mayan Empire
H.2.6.7 Explain the significance and lasting effects of contributions made by major empires and civilizations of the world such as the concept of zero, crossbow, architecture, government, and calendar.
H.2.6.8 Examine causes and effects of conflict within and among the major empires (e.g., Persian War, Punic Wars, Greek city-states).
H.2.6.9 Examine key concepts and influences of major belief systems on societies:
● Buddhism ● Christianity ● Confucianism ● Hinduism ● Judaism
History - World History Beginnings of Civilizations Through 1500 C.E.
H.2 Students will understand key historical periods from the beginning of civilization (World Era 1) through 1500 C.E. (World Era 5). This includes the patterns of social, economic, and political change over time and the ways people view, construct, and interpret the history of nations and cultures of the world.
World Era 4: 300 C.E.-1000 C.E., Expanding Zones of Exchange and Encounter
World Era 4
H.2.6.10 Analyze the contributions of major empires and civilizations of the world. This may include the decimal, art, literature, architecture, law, fables, and proverbs (e.g., Aesop, Confucius, and Ancient Hebrews) of major world civilizations:
● African kingdoms and empires ● Middle Eastern and Muslim Empires ● European kingdoms and empires ● East Asian empires and dynasties
H.2.6.11 Examine causes and effects of conflict within and among the major empires and civilizations. This may include the fall of the Roman Empire, Byzantine Empire, Mongol Empire, Songhai Empire, and Maya civilization.
H.2.6.12 Evaluate how the fall of the Roman Empire affected Europe:
● Loss of a centralized power (i.e. power vacuum) ● Rise of power of the Roman Catholic Church ● Norse invasions ● Frankish Kingdoms (Charlemagne)
H.2.6.13 Examine key concepts and influences of major belief systems on societies:
● Buddhism ● Christianity ● Confucianism ● Hinduism ● Judaism ● Islam
History - World History Beginnings of Civilizations Through 1500 C.E.
H.2 Students will understand key historical periods from the beginning of civilization (World Era 1) through 1500 C.E. (World Era 5). This includes the patterns of social, economic, and political change over time and the ways people view, construct, and interpret the history of nations and cultures of the world.
World Era 5: 1000 C.E.-1500 C.E., Global Interactions
World Era 5
H.2.6.14 Analyze the global influence and impact of the achievements and perspectives of various individuals. This may include Gutenberg, Joan of Arc, Niccolo Machiavelli, Saladin, Sundiata Keita, Mansa Musa, and Genghis Khan.
H.2.6.15 Examine the effects invaders brought to various societies, including disease, famine, and cultural assimilation.
H.2.6.16 Analyze effects of cultural interactions and connections on civilizations over time. This may include art, literature, religion, architecture, Zheng He’s warships, printing press, Maya calendar, Great Zimbabwe, and technological innovations.
H.2.6.17 Evaluate the impact of disease and war on life within Europe including the Crusades, Feudalism, and Black Death.
H.2.6.18 Describe the impact of exploration on civilizations in the Americas:
● Aztec ● Maya ● Inca ● Pre-Columbian societies in Arkansas such as Mississippians, Plum Bayou Culture, and prehistoric Caddo","Course Focus and Content Grade 6 Social Studies builds on the foundational knowledge of civics, economics, geography, and history, gained in Grades K-5. Social studies skills move from basic to more sophisticated and are used in combination to access and comprehend social studies content. Students develop foundational knowledge regarding patterns of change over time and ways people view, construct, and interpret history. The Grade 6 history strand focuses on World History from the beginnings through the middle of the first millennium. The history strand in Grade 6 is organized chronologically using the Eras and time periods from the National Center for History in the Schools (NCHS). The civics, economics, and geography strands correlate to the historic eras.
Teacher Note: This may include:
● Presence of rivers in India → large civilizations with agricultural and trade economy ● Arid landscape of Arabia and North Africa → nomadic societies ● Large bodies of water next to Phoenicia → seafaring societies
Teacher Note: This may include:
● Bantu migration ● Urbanization ● Cultural diffusion ● Diaspora
Teacher Note: This may include:
● Silk Road ● Caravans ● Inca trade system
Groups may include:
● Mongols ● Vikings ● Crusaders ● Maya ● Aztecs","Social Studies Academic Standards
Revised 2022
Integrating Standards and Selecting Content Topics The disciplinary strands, standards, components, and the Knowledge and Skill Performance Expectations (KPEs and SPEs) are meant to be taught in an integrated manner, not in isolation. For example, a student might be studying an historical event or person while also learning specific civics, economics, geography, and/or history standards. The KPEs and SPEs require conceptual understanding which can be applied to future learning and additional content that may not be listed in the standards. The goal of knowledge acquisition in K-12 is for students to build knowledge and have experiences with content topics connected to their communities, the state of Arkansas, the United States, and the world. A thematic continuum of learning is provided to clarify (Figure 1) the expansion of learning from community to state to the world.
Figure 1
Related Laws for Social Studies A.C.A. § 1-5-109. Prisoners of War Remembrance Day. A.C.A. § 1-5-112. POW/MIA Recognition Day. A.C.A. § 1-5-113. Native American Heritage Week. A.C.A. § 1-5-114. Juneteenth Independence Day. A.C.A. § 1-5-119. Sultana Disaster Remembrance Day. A.C.A. § 6-16-101. Celebrate Freedom Week. A.C.A. § 6-16-105. United States Flag. A.C.A. § 6-16-106. Arkansas Flag. A.C.A. § 6-16-107. Patriotic Observances Generally. A.C.A. § 6-16-108. Recitation of the Pledge of Allegiance. A.C.A. § 6-16-111. Morals, Manners, Patriotism, and Business and Professional Integrity. A.C.A. § 6-16-121. African-American History – Teaching materials. A.C.A. § 6-16-122. American Heritage. A.C.A. § 6-16-148. Foundation of certain social studies or history courses offered in grades seven through twelve. A.C.A. § 6-16-154. Holocaust Education. A.C.A. § 6-16-124. Arkansas History – Required Social Studies Course. A.C.A. § 6-17-703. Arkansas History Professional Development. Teacher Note: Not all state statutes apply to the current grade level content.
Skills and Application In Grades 5-6, students will develop and apply disciplinary literacy skills: reading, writing, speaking, and listening. As students seek answers to compelling and supporting questions, they will examine a variety of primary and secondary sources and communicate responses in multiple ways, including oral, visual, and written forms. Students must be able to select and evaluate sources of information, draw and build upon ideas, explore issues, examine data, and analyze events from the full range of human experience to develop critical thinking skills essential for productive citizens. Grade 6 Social Studies is required by the Standards for Accreditation.
Primary and Secondary Sources and Disciplinary Literacy Standards The Disciplinary Literacy Standards for History/Social Studies guide students with the specific skills they need to engage with all social studies content. These reading and writing skills are separated by grade bands and include the use of primary and secondary sources, analysis of content from a variety of perspectives, and assessment of the credibility and accuracy of sources. Teachers should access the Disciplinary Literacy Standards Resource for History/Social Studies document through the Division of Elementary and Secondary Education website.
The College, Career, and Civic Life C3 Framework for Social Studies State Standards The acquisition of content knowledge and skills is paramount in a robust social studies program rooted in inquiry. The chart below summarizes social studies practices in four Dimensions.
● Dimensions 1, 3, and 4 of the College, Career, and Civic Life C3 Framework for Social Studies State Standards. These practices should be addressed throughout Grades K-12, building as students acquire the skills. ● Dimension 2 Applying Disciplinary Concepts and Tools sets forth the conceptual content, and the alignment to this dimension is embedded in the KPEs and SPEs.
Dimension 21 Applying Disciplinary Concepts and Tools
Civics
Economics
Geography
History
Social Sciences
● Civic and Political Institutions ● Participation and Deliberation ● Processes, Rules, and Laws
● Economic Decision-Making ● Exchange and Markets ● Growth and Stability ● The National Economy ● The Global Economy
● Geographic Representations: Spatial Views of the World ● Human-Environment Interaction: Place, Regions, and Culture ● Human Populations: Spatial Patterns and Movements ● Global Interconnections: Global Spatial Patterns
● Change, Continuity, and Context ● Perspectives ● Historical Sources and Evidence ● Causation and Argumentation
● Psychology ● Sociology
1 Organizational structure of the Social Studies Academic Standards is based on disciplinary strands in the C3 Framework.
Disciplinary Standards At a Glance
Disciplinary Strand
Disciplinary Standard
Disciplinary Component
● Grade or Course Specific Components
Disciplinary Strand
Disciplinary Standard
Disciplinary Component
Grade
Knowledge and Skill Performance Expectation",AR_Grades_5-6_Social_Studies_Standards_2022_LS.pdf,"AR_Grades_5-6_Social_Studies_Standards_2022_LS.pdf: The Grade 5 section has no K-12 lists in Grade 5 KPE other than u150, u163 etc.; 'This may include' sentences inside KPE units (e.g. u108, u119, u120) kept with the standard (units not split).
AR_Grades_5-6_Social_Studies_Standards_2022_LS.pdf: u449 and similar Era headings combine era title and theme; labeled standards.
AR_Grades_5-6_Social_Studies_Standards_2022_LS.pdf: K-12 overview and C3 skills labeled per section (5 or 6)."
AR_07,AR,[7],,,"United States History Era 1: Beginnings through Era 4: 1850
Dimension 1
Dimension 3
Dimension 4
Developing Questions and Planning Inquiries
Evaluating Sources and Using Evidence
Communicating Conclusions and Taking
Informed Action
1. Construct compelling questions that promote inquiry around key ideas and issues 2. Develop supporting questions that contribute to inquiry: identifying facts, concepts, and interpretations 3. Answer compelling and supporting questions using appropriate and available sources that consider multiple points of view
4. Gather relevant information from multiple perspectives and a variety of sources; evaluate the credibility of the source by determining its relevance and intended use 5. Use evidence from multiple sources to answer compelling and supporting questions by developing arguments with claims, counterclaims, and explanations
6. Construct arguments and explanations that convey ideas and perspectives to appropriate audiences using print, oral, and digital technologies 7. Critique the credibility, relevance, and use of evidence in arguments and explanations proposed by self and others 8. Use disciplinary lenses within the social sciences to understand local, regional, and global problems, propose solutions, or assess strategies and options for action while applying deliberative processes
K-12 Disciplinary Standards Overview
Civics
Economics
Geography
History
C.1 Students will understand the impact of origins, structures, and functions of institutions and laws on society and citizens. This includes personal civic rights, roles, responsibilities, and processes by which laws are made and amended. C.2 Students will understand the structure and functions of various types of government and how they exercise their powers. C.3 Students will understand the role of citizens in society, the ways the government protects the rights of citizens, the electoral process, and the role of political parties. C.4 Students will understand the process of making and changing laws and the ways institutions work together in carrying out the laws. C.5 Students will understand the impact of origins, structures, and functions of institutions and laws on society and Indigenous peoples. This includes the relationship of the Native nations and the United States during various time periods. C.6 Students will understand the structure and functions of various types of tribal government and how they exercise their powers. This includes the progress and challenges of present-day Native America.
E.1 Students will understand the impact of economic decision-making. This includes the exchange of goods and services; role of producers, consumers, and government in the marketplace; and growth, stability, and interdependence within a global economy. E.2 Students will understand the impact of economic decision-making. This includes considering the marginal costs and benefits of alternatives. E.3 Students will understand the exchange of goods and services. This includes different allocation methods and changes in supply and demand; the role of producers, consumers, and government in a market economy; and the degree of competition among buyers and sellers in markets. E.4 Students will understand the growth, stability, and interdependence within a national economy. This includes the current and future state of the economy using economic indicators and monetary and fiscal policies for a variety of economic conditions. E.5 Students will understand the growth, stability, and interdependence within a global economy. This includes ways in which trade leads to increased economic interdependence. E.6 Students will understand the factors affecting income, wealth, and financial risk. This includes the role of credit in personal finance.
G.1 Students will understand the purpose of geographic tools (e.g., maps, globes, charts, graphs) to understand, analyze, and explain human interaction with each other and with the environment. This includes the spatial characteristics and patterns of human settlement and connections between global regions. G.2 Students will understand the purpose of geographic tools (e.g., maps, globes, charts, graphs) to interpret spatial information. This includes spatial organization of people, cultures, places, and environments within various regions and geographic skills to interpret the past, present, and plan for the future. G.3 Students will understand the characteristics of different physical and cultural regions and how they change over time (through demographic changes, migration, settlement, and conflict). This includes the impact physical geography has on human systems, including politics, culture, economics, and use of resources and how a region or culture interacts with itself, the environment, and other regions and cultures. G.4 Students will understand the impact humans have on the environment. This includes the distribution, management, and consumption of resources. G.5 Students will understand the impact Indigenous peoples have on the environment. This includes the communal view of how Indigenous peoples utilized the land and resources; and the characteristics of the original Indigenous peoples of Arkansas by analyzing artifacts, artwork, and other sources.
H.1 Students will understand chronology, patterns of continuity, and change over time. This includes the contextualization of historical events and ways people gather, view, construct, and interpret historical evidence. H.2 Students will understand key historical periods from the beginning of civilization (World Era 1) through 1500 C.E. (World Era 5). This includes the patterns of social, economic, and political change over time and the ways people view, construct, and interpret the history of nations and cultures of the world. H.3 Students will understand key historical periods from the United States' Beginnings (Era 1) through 1850 (Era 4). This includes the patterns of social, economic, and political change over time and the ways people view, construct, and interpret the history of the United States. H.4 Students will understand key historical periods from Civil War and Reconstruction (Era 5) to the Emergence of Modern America, 1890-1930 (Era 7). This includes the patterns of social, economic, and political change over time and the ways people view, construct, and interpret the history of the United States. H.5 Students will understand key historical periods from the Great Depression and World War II, 1929-1945 (Era 8), to the Contemporary United States, 1968 to Present (Era 10). This includes the patterns of social, economic, and political change over time and the ways people view, construct, and interpret the history of the United States. H.6 Students will understand key historical periods from the Emergence of the First Global Age, 1450-1770 (World Era 6), to the Twentieth Century Since 1945 (World Era 9). This includes the patterns of social, economic, and political change over time and the ways people view, construct, and interpret the history of nations and cultures of the world.
Civics
C.1 Students will understand the impact of origins, structures, and functions of institutions and laws on society and citizens. This includes personal civic rights, roles, responsibilities, and processes by which laws are made and amended.
Establishing a Government
Civic and Political Institutions
● Foundational documents ● Three branches of government
Participation and Deliberation
● Civic participation
Processes, Rules, and Laws
● Leaders and builders of the government
Economics
E.1 Students will understand the impact of economic decision-making. This includes the exchange of goods and services; role of producers, consumers, and government in the marketplace; and growth, stability, and interdependence within a global economy.
Establishing an Economy
Economic Decision-Making
● Historical development in pre-colonial America
Exchange and Markets
● Free market system and a diverse labor force
Growth and Stability
● Early financial institutions ● Taxation ● Effects of war
Global Economy
● Economic interdependence and trade
Geography
G.1 Students will understand the purpose of geographic tools (e.g., maps, globes, charts, graphs) to understand, analyze, and explain human interaction with each other and with the environment. This includes the spatial characteristics and patterns of human settlement and connections between global regions.
Establishing a Country
Geographic Representations
● Trade routes and waterways
Human-Environment Interaction
● Climate and cultural characteristics that affect population distribution
Spatial Patterns and Movement
● Geographic barriers
Global Interconnections
● Effects of human-generated changes
History
H.3 Students will understand key historical periods from the United States' Beginnings (Era 1) through 1850 (Era 4). This includes the patterns of social, economic, and political change over time and the ways people view, construct, and interpret the history of the United States.
United States Beginnings through 1850 (Era 1 through Era 4)
Era 1: Beginnings to 1620
● Beginnings to 1620 (E1)
Era 2: 1585-1763
● Colonization and Settlement (E2)
Era 3: 1754 through the 1820s
● Revolution and the New Nation (E3)
Era 4: 1801 through 1850
● Expansion and Reform (E4)
Civics
C.1 Students will understand the impact of origins, structures, and functions of institutions and laws on society and citizens. This includes personal civic rights, roles, responsibilities, and processes by which laws are made and amended.
Civic and Political Institutions
C.1.7.1 Examine foundational documents of the United States government and the impact they had on the development of a new nation:
● Magna Carta ● English Bill of Rights ● Mayflower Compact ● Declaration of Independence ● Articles of Confederation ● United States Constitution
C.1.7.2 Examine the legislative, executive, and judicial branches of government, including their checks and balances and separation of powers.
C.1.7.3 Explain and compare origins, functions, and structures of different systems of government, including those created by the Arkansas and U.S. Constitutions:
● Federalism ● State powers and national powers ● Concurrent and reserved powers
C.1.7.4 Examine how the 9th and 10th Amendments entrust social organizations and institutions (e.g., individuals, families, religious/secular groups) with unenumerated rights not listed in the Constitution.
Civics
C.1 Students will understand the impact of origins, structures, and functions of institutions and laws on society and citizens. This includes personal civic rights, roles, responsibilities, and processes by which laws are made and amended.
Participation and Deliberation
C.1.7.5 Evaluate various ways early historical figures fostered American citizenship and civic virtues.
C.1.7.6 Demonstrate proper etiquette for interacting with the Arkansas and American flags and evaluate the use of various flags during the early American period (e.g., Betsy Ross flag, Flag of the Green Mountain Boys, First Navy Jack, Great Garrison Flag during War of 1812).
C.1.7.7 Analyze rights, responsibilities, and privileges of citizens and non-citizens in the United States:
● Bill of Rights ● 14th Amendment ● 15th Amendment ● 19th Amendment ● 26th Amendment
C.1.7.8 Examine historical developments that contributed to the rise of civic virtues in the United States, including colonial self-government and individual liberties.
Civics
C.1 Students will understand the impact of origins, structures, and functions of institutions and laws on society and citizens. This includes personal civic rights, roles, responsibilities, and processes by which laws are made and amended.
Process, Rules, and Laws
C.1.7.9 Compare processes for creating rules and laws at the local, state, and federal levels such as city council, county quorum court, Arkansas General Assembly, and Congress.
C.1.7.10 Evaluate ways rules and laws change society and reasons why people repeal or amend them at local, state, and federal levels:
● Article V of the U.S. Constitution ● Arkansas Constitution voter-approved amendment process ● Repeal process
C.1.7.11 Explain the development of policies under the Articles of Confederation to address public problems after the Revolutionary War:
● Northwest Ordinance (1787) ● Articles’ weaknesses ● Shay’s Rebellion
Economics
E.1 Students will understand the impact of economic decision-making. This includes the exchange of goods and services; role of producers, consumers, and government in the marketplace; and growth, stability, and interdependence within a global economy.
Economic Decision-Making
E.1.7.1 Analyze historical developments in the interdependent system of commerce between the thirteen colonies, Great Britain, and the rest of the world:
● European exploration and colonization of the Americas ● Taxation (e.g., Stamp Act, Townshend Duties) ● Conflict (e.g., French and Indian War, American Revolution) ● Trade (e.g., triangular trade, Columbian Exchange, Navigation Act of 1651)
Economics
E.1 Students will understand the impact of economic decision-making. This includes the exchange of goods and services; role of producers, consumers, and government in the marketplace; and growth, stability, and interdependence within a global economy.
Exchange and Markets
E.1.7.2 Examine the economic characteristics of the colonial regions (New England, Middle, and Southern), including their diverse labor force, use and trade-offs of natural resources, and human and capital resources used to deliver goods and services.
E.1.7.3 Evaluate the development of a free market system within the thirteen colonies and early United States:
● Mercantilism ● Property rights ● Free enterprise
Economics
E.1 Students will understand the impact of economic decision-making. This includes the exchange of goods and services; role of producers, consumers, and government in the marketplace; and growth, stability, and interdependence within a global economy.
Growth and Stability
E.1.7.4 Analyze the forms and purposes of currency in early America through the Revolutionary period:
● Continental currency vs. state currency ● Early forms of currency in Indigenous nations
E.1.7.5 Discuss roles of early financial institutions on the economy of the United States:
● National Bank by Alexander Hamilton ● Jackson’s veto of the National Bank ● State banks
E.1.7.6 Explain ways state and federal governments paid for the goods and services they provided through the early 1800s:
● Taxation to provide for an army ● Postal services ● Building of roads ● Tariffs
E.1.7.7 Discuss the effects of war and conflict on the economy of the United States from the colonial period to the early 1800s, including government printing of money, inflation, scarcity of resources, and smuggling.
Economics
E.1 Students will understand the impact of economic decision-making. This includes the exchange of goods and services; role of producers, consumers, and government in the marketplace; and growth, stability, and interdependence within a global economy.
Global Economy
E.1.7.8 Explain effects of increasing economic interdependence between the United States and other nations and regions:
● Growth: (e.g., First Industrial Revolution, Louisiana Purchase, population growth, westward expansion, triangular trade, increased wealth, cooperation with other nations) ● Conflict: (e.g., competition with other nations, Barbary Wars, Tecumseh’s War, War of 1812)
Geography
G.1 Students will understand the purpose of geographic tools (e.g., maps, globes, charts, graphs) to understand, analyze, and explain human interaction with each other and with the environment. This includes the spatial characteristics and patterns of human settlement and connections between global regions.
Geographic Representations
G.1.5.1 Describe locations, environmental characteristics, and cultures of pre-Columbian Indigenous populations using maps and geographic representations.
G.1.5.2 Analyze human movement and economic activities over time using maps and other geographic representations:
● Pre-Columbian Indigenous Nations’ settlement patterns ● Triangular trade and other trade routes ● Columbian exchange ● Regions of European exploration ● Colonial settlement
G.1.5.3 Synthesize information from a variety of sources to construct maps and other geographic representations of the United States from the original thirteen colonies to 1850.
Geography
G.1 Students will understand the purpose of geographic tools (e.g., maps, globes, charts, graphs) to understand, analyze, and explain human interaction with each other and with the environment. This includes the spatial characteristics and patterns of human settlement and connections between global regions.
Human-Environment Interaction
G.1.5.4 Analyze ways cultural and environmental characteristics influenced population, settlement, and movement of goods in the American colonies:
● Cultural (e.g., religious affiliations, language and ethnic groups, locations of various Indigenous nations)
● Economic (e.g., sources of labor) ● Geographic (e.g., environmental characteristics, climate, topography, soil type, water access, etc.) ● Governance (e.g., royal, charter, proprietary)
Geography
G.1 Students will understand the purpose of geographic tools (e.g., maps, globes, charts, graphs) to understand, analyze, and explain human interaction with each other and with the environment. This includes the spatial characteristics and patterns of human settlement and connections between global regions.
Spatial Patterns and Movement
G.1.5.5 Examine the relationships between American colonists and various Indigenous societies, considering the location and use of natural resources and changes to the physical environment.
G.1.5.6 Examine reasons for population shifts in early America and the effects on various regions:
● European immigration and colonization ● Diseases in both colonial and Indigenous populations ● Indentured servitude ● Transatlantic slave trade
Geography
G.1 Students will understand the purpose of geographic tools (e.g., maps, globes, charts, graphs) to understand, analyze, and explain human interaction with each other and with the environment. This includes the spatial characteristics and patterns of human settlement and connections between global regions.
Global Interconnections
G.1.5.7
Analyze cooperation among the colonies and Indigenous communities during and after natural and human-made disasters such as the French and Indian War, American Revolution, disease outbreaks, famine, and weather phenomena.
History - United States Beginnings through 1850 (Era 1 through Era 4)
H.3 Students will understand key historical periods from the United States' Beginnings (Era 1) through 1850 (Era 4). This includes the patterns of social, economic, and political change over time and the ways people view, construct, and interpret the history of the United States.
Era 1: Beginnings to 1620
Era 1
H.3.7.1 Research and compare cultural characteristics of major pre-Columbian Indigenous societies within North America through a variety of artwork, journals, archaeological findings, and other artifacts.
H.3.7.2 Examine economic, political, and religious reasons for European exploration in the Americas:
● Trade and trade routes ● Wealth ● Colonies for empire expansion ● Religious influence and freedom
H.3.7.3 Evaluate short- and long-term effects of European exploration and settlement ventures in the Americas and Arkansas, including why some experienced hardship and failure.
History - United States Beginnings through 1850 (Era 1 through Era 4)
H.3 Students will understand key historical periods from the United States' Beginnings (Era 1) through 1850 (Era 4). This includes the patterns of social, economic, and political change over time and the ways people view, construct, and interpret the history of the United States.
Era 2: 1585-1763, Colonization and Settlement
Era 2
H.3.7.4 Evaluate the economic and cultural effects of indentured servitude and slavery in the New England, Middle, and Southern colonies:
● Conditions of the Middle Passage ● Life and experiences of those who were enslaved versus those who were indentured ● Growth and economic dependence on slavery, especially in Southern colonies ● Early attempts at abolition (e.g., Rhode Island in 1652, Vermont in 1777, Quaker Abolition movement)
H.3.7.5 Research the development of the New England, Middle, and Southern colonies through inquiry and questioning.
History - United States Beginnings through 1850 (Era 1 through Era 4)
H.3 Students will understand key historical periods from the United States' Beginnings (Era 1) through 1850 (Era 4). This includes the patterns of social, economic, and political change over time and the ways people view, construct, and interpret the history of the United States.
Era 3: 1754 through the 1820s, Revolution and the New Nation
Era 3
H.3.7.6 Analyze causes and ideas leading to the American Revolution:
● French and Indian War ● Stamp Act, Townshend Duties, and the Intolerable Acts ● Boston Tea Party ● Colonial self-government, representation, and individual liberty
H32.7.7 Analyze the Revolutionary movement from the perspective of various groups, which may include patriots, loyalists, British and French leaders, Indigenous people, and indentured or enslaved Americans.
H.3.7.8 Evaluate how individuals and groups influenced the American Revolutionary movement:
● Writers & influencers: (e.g., Thomas Paine’s “Common Sense,” Patrick Henry’s “Give Me Liberty” speech, Benjamin Franklin’s Join or Die cartoon, Phillis Wheatley, Abigail Adams, Haym Salomon) ● Military & political: (e.g., George Washington, Thomas Jefferson, Paul Revere, Salem Poor, Peter Salem, Deborah Sampson, Mary Ludgwig Hays, James Armistead) ● Groups: (e.g., Culper Spy Ring, Sons and Daughters of Liberty)
H.3.7.9 Examine the significance of the Declaration of Independence, including key political concepts of natural rights, natural law, social contract theory, right to revolution, right to self-determination, and tyranny.
H.3.7.10 Analyze the significance of various battles and military leaders during the American Revolution:
● Battles: Lexington and Concord, Bunker Hill, Saratoga, Yorktown ● Military leaders/groups: George Washington, John Paul Jones, Nathanael Greene, First Rhode Island Regiment
H.3.7.11 Analyze the effects of the American Revolutionary War on the newly formed United States and the rest of the world:
● National effects: (e.g., vulnerable young nation, colonial independence, creation of the Articles of Confederation expansion of territory via Treaty of Paris, destruction of farmland, significant casualties, loss of life/livelihood, inflation, scarcity of resources) ● International effects: (e.g., international relations, catalyst for international revolutions, loyalists relocation to Canada, interruption of global trade)
H.3.7.12 Examine short- and long-term effects of the drafting and signing of the U.S. Constitution:
● Federalism and the establishment of three branches ● Bicameral house (i.e., the Great Compromise) ● National powers (e.g., coining money, raising an army, power to tax) ● Enumeration of individual rights (e.g., Bill of Rights) ● Amendment process (i.e., design, purpose, and difficulty)
H.3.7.13 Evaluate how early Presidents and historical events influenced the development of the new nation:
● Establishment of Washington, D.C., as nation’s capital ● Washington’s Farewell Address ● Rise of political parties ● Jeffersonian democracy and the Louisiana Purchase ● Judicial power defined through Marbury vs. Madison ● Banking and tariff policy on the national economy
H.3.7.14 Examine the impact and significance of the War of 1812, including British impressment of American sailors, the role of James and Dolley Madison, and various battles that contributed to an American identity (e.g., Battle of Fort McHenry and “The Star Spangled Banner,” Battle of New Orleans).
History - United States Beginnings through 1850 (Era 1 through Era 4)
H.2 Students will understand key historical periods from the United States' Beginnings (Era 1) through 1850 (Era 4). This includes the patterns of social, economic, and political change over time and the ways people view, construct, and interpret the history of the United States.
Era 4: 1801 through 1850, Expansion and Reform
Era 4
H.3.7.15 Analyze the concept of Manifest Destiny and the factors that affected territorial expansion and the development of the nation.
H.3.7.16 Analyze the development of regional tensions prior to the Civil War:
● Economic development: (e.g., effects of cotton gin invention, Industrial Revolution, growth of manufacturing and railroads in northern states) ● Political actions: (e.g., tariffs, nullification crisis, compromises, disenfranchisement of free blacks) ● Expansion of slavery, immigration, and westward migration
H.3.7.17 Analyze major purposes, implementation, and effects of public policies during the Jacksonian presidency, including Jacksonian Democracy, veto of the National Bank, the spoils system, Indian Removal Act, and the Trail of Tears.
H.3.7.18 Analyze the effects of the Mexican-American War on the United States, including new territory for the United States and expansion of slavery.","Course Focus and Content Grade 7 Social Studies builds on the foundational knowledge of civics, economics, geography, and history, gained in Grades K-6. Social studies skills move from basic to more sophisticated and are used in combination to access and comprehend social studies content. Students develop foundational knowledge regarding patterns of change over time and ways people view, construct, and interpret history. The Grade 7 history strand focuses on U.S. History from the beginnings through the Revolutionary Period. The history strand in Grades 7 is organized chronologically using the Eras and time periods from the National Center for History in the Schools (NCHS). The civics, economics, and geography strands correlate to the historic eras.
Unenumerated rights may include:
● Parental rights ● Right to travel ● Right to an education ● Rights of religious organizations
Historical figures may include:
● Phillis Wheatley ● James Armistead ● Peter Salem ● George Washington ● John Adams ● Abigail Adams ● Salem Poor ● Thomas Jefferson ● Thomas Paine ● Patrick Henry ● Alexis de Tocqueville
Some notable developments that contributed to the rise of self-government include:
● Mayflower Compact ● Colonial charters ● House of Burgesses (Virginia) ● Great Awakening ● Salutary neglect ● Trial of John Peter Zenger ● Influence of the Iroquoi Confederacy/Six Nations
Teacher Note: The triangular trade was the transatlantic shipment of goods and people (including sugar, tobacco, cotton, textiles, rum, and enslaved people) among the European, African, and American continents.
Teacher Note: The Monroe Doctrine helped guide U.S. foreign and economic policy towards nations in Europe and nations in the Western Hemisphere.
This may include pelt and fur trading, large-scale farming, use of timber, increased resource consumption, hunting and fishing, and differences on the view of land ownership.
Pre-Columbian Indigenous societies might include:
● Mesoamerican groups (e.g., Olmec, Maya, Aztec) ● Mound builders ● Cliff dwellers ● Southwest ● Great Plains ● Pacific Northwest ● Woodland peoples ● Indigenous Peoples of the Arctic and Subarctic ● Mississippians in Arkansas
Reasons may include:
● Conflict with other nations (including Indigenous nations) ● Disease ● Poor climate conditions
● Economic issues such as the failure of the common store system in Jamestown and Plymouth Colony
Teacher Note: Many European expeditions and ventures may be discussed, but some of the most notable ones may include the following:
● Columbus expeditions ● Hernando de Soto expedition ● Ponce de Leon’s expedition ● St. Augustine ● Roanoke ● Jamestown ● Plymouth Colony ● Massachusetts Bay ● Quebec ● New Amsterdam ● Arkansas Post
Inquiry questions may include:
● Why did people settle where they did? ● How did they solve problems? ● Was life better in the colonies than in England? ● Was life better in some colonies than others?
● How were patterns of settlement influenced by beliefs, economics, and geography?
Events may include:
● Louisiana Purchase ● Monroe Doctrine ● Adams-Onís Treaty ● Development of the Erie Canal ● Oregon Trail ● Santa Fe Trail ● California Gold Rush ● Panic of 1837 ● Rising conflict between settlers and Indigenous groups",,AR_Grade_7_Social_Studies_Standards_2022_LS.pdf,"AR_Grade_7_Social_Studies_Standards_2022_LS.pdf: Geography KPEs u224-u254 are coded G.1.5.1-G.1.5.7 (grade part 5) in the Grade 7 document; treated as Grade 7 (probable typo in source).
AR_Grade_7_Social_Studies_Standards_2022_LS.pdf: u309 code reads 'H32.7.7' (typo for H.3.7.7).
AR_Grade_7_Social_Studies_Standards_2022_LS.pdf: u331 Era 4 heading states H.2 instead of H.3 (source typo).
AR_Grade_7_Social_Studies_Standards_2022_LS.pdf: Lists broken across pages: u153 (C.1.7.7), u239 (G.1.5.4), u259 (G.1.5.7 text), u282 and u300 (continuation lists); labeled with their parent context.
AR_Grade_7_Social_Studies_Standards_2022_LS.pdf: K-12 overview and C3 skills labeled grade 7 only."
AR_07-08_ArkansasHistory,AR,"[7,8]",Arkansas History,Arkansas History,"Dimension 1
Dimension 3
Dimension 4
Developing Questions and Planning Inquiries
Evaluating Sources and Using Evidence
Communicating Conclusions and Taking
Informed Action
1. Construct compelling questions that promote inquiry around key ideas and issues 2. Develop supporting questions that contribute to inquiry: identifying facts, concepts, and interpretations 3. Answer compelling and supporting questions using appropriate and available sources that consider multiple points of view
4. Gather relevant information from multiple perspectives and a variety of sources; evaluate the credibility of the source by determining its relevance and intended use 5. Use evidence from multiple sources to answer compelling and supporting questions by developing arguments with claims, counterclaims, and explanations
6. Construct arguments and explanations that convey ideas and perspectives to appropriate audiences using print, oral, and digital technologies 7. Critique the credibility, relevance, and use of evidence in arguments and explanations proposed by self and others 8. Use disciplinary lenses within the social sciences to understand local, regional, and global problems, propose solutions, or assess strategies and options for action while applying deliberative processes
K-12 Disciplinary Standards Overview
Civics
Economics
Geography
History
C.1 Students will understand the impact of origins, structures, and functions of institutions and laws on society and citizens. This includes personal civic rights, roles, responsibilities, and processes by which laws are made and amended. C.2 Students will understand the structure and functions of various types of government and how they exercise their powers. C.3 Students will understand the role of citizens in society, the ways the government protects the rights of citizens, the electoral process, and the role of political parties. C.4 Students will understand the process of making and changing laws and the ways institutions work together in carrying out the laws. C.5 Students will understand the impact of origins, structures, and functions of institutions and laws on society and Indigenous peoples. This includes the relationship of the Native nations and the United States during various time periods. C.6 Students will understand the structure and functions of various types of tribal government and how they exercise their powers. This includes the progress and challenges of present-day Native America.
E.1 Students will understand the impact of economic decision-making. This includes the exchange of goods and services; role of producers, consumers, and government in the marketplace; and growth, stability, and interdependence within a global economy. E.2 Students will understand the impact of economic decision-making. This includes considering the marginal costs and benefits of alternatives. E.3 Students will understand the exchange of goods and services. This includes different allocation methods and changes in supply and demand; the role of producers, consumers, and government in a market economy; and the degree of competition among buyers and sellers in markets. E.4 Students will understand the growth, stability, and interdependence within a national economy. This includes the current and future state of the economy using economic indicators and monetary and fiscal policies for a variety of economic conditions. E.5 Students will understand the growth, stability, and interdependence within a global economy. This includes ways in which trade leads to increased economic interdependence. E.6 Students will understand the factors affecting income, wealth, and financial risk. This includes the role of credit in personal finance.
G.1 Students will understand the purpose of geographic tools (e.g., maps, globes, charts, graphs) to understand, analyze, and explain human interaction with each other and with the environment. This includes the spatial characteristics and patterns of human settlement and connections between global regions. G.2 Students will understand the purpose of geographic tools (e.g., maps, globes, charts, graphs) to interpret spatial information. This includes spatial organization of people, cultures, places, and environments within various regions and geographic skills to interpret the past, present, and plan for the future. G.3 Students will understand the characteristics of different physical and cultural regions and how they change over time (through demographic changes, migration, settlement, and conflict). This includes the impact physical geography has on human systems, including politics, culture, economics, and use of resources and how a region or culture interacts with itself, the environment, and other regions and cultures. G.4 Students will understand the impact humans have on the environment. This includes the distribution, management, and consumption of resources. G.5 Students will understand the impact Indigenous peoples have on the environment. This includes the communal view of how Indigenous peoples utilized the land and resources; and the characteristics of the original Indigenous peoples of Arkansas by analyzing artifacts, artwork, and other sources.
H.1 Students will understand chronology, patterns of continuity, and change over time. This includes the contextualization of historical events and ways people gather, view, construct, and interpret historical evidence. H.2 Students will understand key historical periods from the beginning of civilization (World Era 1) through 1500 C.E. (World Era 5). This includes the patterns of social, economic, and political change over time and the ways people view, construct, and interpret the history of nations and cultures of the world. H.3 Students will understand key historical periods from the United States' Beginnings (Era 1) through 1850 (Era 4). This includes the patterns of social, economic, and political change over time and the ways people view, construct, and interpret the history of the United States. H.4 Students will understand key historical periods from Civil War and Reconstruction (Era 5) to the Emergence of Modern America, 1890-1930 (Era 7). This includes the patterns of social, economic, and political change over time and the ways people view, construct, and interpret the history of the United States. H.5 Students will understand key historical periods from the Great Depression and World War II, 1929-1945 (Era 8), to the Contemporary United States, 1968 to Present (Era 10). This includes the patterns of social, economic, and political change over time and the ways people view, construct, and interpret the history of the United States. H.6 Students will understand key historical periods from the Emergence of the First Global Age, 1450-1770 (World Era 6), to the Twentieth Century Since 1945 (World Era 9). This includes the patterns of social, economic, and political change over time and the ways people view, construct, and interpret the history of nations and cultures of the world.
Civics
C.1 Students will understand the impact of origins, structures, and functions of institutions and laws on society and citizens. This includes personal civic rights, roles, responsibilities, and processes by which laws are made and amended.
Government and Politics in Arkansas and their Influence on Social Issues
Civic and Political Institutions
● Influence of federal government on state issues
Participation and Deliberation
● Rights and responsibilities of an Arkansan
Processes, Rules, and Laws
● Impact of law on social issues
Economics
E.1 Students will understand the impact of economic decision-making. This includes the exchange of goods and services; role of producers, consumers, and government in the marketplace; and growth, stability, and interdependence within a global economy.
Economics in Arkansas
Economic Decision-Making
● Economic influences within Arkansas
Exchange and Markets
● Economic contributions made by Arkansans
Growth and Stability
● Arkansas's economic impact nationally and globally
Geography
G.1 Students will understand the purpose of geographic tools (e.g., maps, globes, charts, graphs) to understand, analyze, and explain human interaction with each other and with the environment. This includes the spatial characteristics and patterns of human settlement and connections between global regions.
Geography in Arkansas
Geographic Representations
● Geographic attributes of Arkansas
Human-Environment Interaction
● Arkansas’s resources and their impact
Spatial Patterns and Movement
● Ways Arkansas’s geography has influenced the settlement and development of the state
History
H.1. Students will understand chronology, patterns of continuity, and change over time. This includes the contextualization of historical events and ways people gather, view, construct, and interpret historical evidence.
Then and Now
Chronology, Change Over Time, Contextualization
● Historical events
Perspective, Historical Evidence, Causation
● Notable Arkansans
Civics
C.1 Students will understand the impact of origins, structures, and functions of institutions and laws on society and citizens. This includes personal civic rights, roles, responsibilities, and processes by which laws are made and amended.
Civic and Political Institutions
C.1.ARH.1 Examine the functions and powers of the three branches of government in Arkansas as outlined in the Arkansas Constitution.
C.1.ARH.2 Examine features of the Arkansas Constitution that distinguish it from the U.S. Constitution
● Differences in power of legislative vs. executive branches ● Voter-approved constitutional amendments ● Election of Supreme Court justices ● Balanced budget requirement
Civics
C.1 Students will understand the impact of origins, structures, and functions of institutions and laws on society and citizens. This includes personal civic rights, roles, responsibilities, and processes by which laws are made and amended.
Participation and Deliberation
C.1.ARH.3 Analyze the political process in Arkansas, including the voting and election processes, party politics, the role of media, and term limits.
C.1.ARH.4 Examine the rights and responsibilities of citizenship as outlined by the Arkansas Constitution (e.g., Amendment 88 - Right to Hunt, Fish, Trap, and Harvest Wildlife).
Civics
C.1 Students will understand the impact of origins, structures, and functions of institutions and laws on society and citizens. This includes personal civic rights, roles, responsibilities, and processes by which laws are made and amended.
Process, Rules, and Laws
C.1.ARH.5 Demonstrate proper etiquette for interacting with the Arkansas and American flags and analyze the history and meaning of the Arkansas flag.
C.1.ARH.6 Analyze the response of state government and the role of public policy on social concerns in Arkansas such as unemployment, education, poverty, immigration, and culture.
Economics
E.1 Students will understand the impact of economic decision-making. This includes the exchange of goods and services; role of producers, consumers, and government in the marketplace; and growth, stability, and interdependence within a global economy.
Exchange and Markets
E.1.ARH.1 Evaluate the impact of natural resources on the economics and development of each geographic region of the state:
● Arkansas River Valley (e.g., agriculture, coal, natural gas, water) ● Crowley’s Ridge (e.g., agriculture) ● Mississippi Alluvial Plain (Delta) (e.g., agriculture, waterfowl, fish) ● Ouachita Mountains (e.g., thermal springs, timber, quartz) ● Ozark Mountains (e.g., minerals, natural gas) ● West Gulf Coastal Plain (Timberlands) (e.g., bromine, diamonds, timber, bauxite, oil, wild game)
E.1.ARH.2 Analyze the economic impact of transportation systems in Arkansas, including rivers, railroads, airports, and highways.
E.1.ARH.3 Analyze how the six geographic regions of Arkansas developed and have changed economically.
Economics
E.1 Students will understand the impact of economic decision making. This includes the exchange of goods and services; role of producers, consumers, and government in the marketplace; and growth, stability, and interdependence within a global economy.
Growth and Stability
E.1.ARH.4 Examine contributions of Arkansas entrepreneurs on local, regional, national, and global economic development.
Economics
E.1 Students will understand the impact of economic decision-making. This includes the exchange of goods and services; role of producers, consumers, and government in the marketplace; and growth, stability, and interdependence within a global economy.
Global Economy
E.1.ARH.5 Analyze the local, regional, national, and global economic impact of Arkansas businesses and industries, including agriculture, tourism, timber, technology, medical and scientific research, and finance.
E.1.ARH.6 Investigate Arkansas’s global economic contributions through educational and humanitarian efforts such as the Fulbright Institute, Clinton School of Public Service, Heifer International, Walton Family Foundation, Winthrop Rockefeller Foundation, and other corporate and private foundations.
Geography
G.1 Students will understand the purpose of geographic tools (e.g., maps, globes, charts, graphs) to understand, analyze, and explain human interaction with each other and with the environment. This includes the spatial characteristics and patterns of human settlement and connections between global regions.
Geographic Representations
G.1.ARH.1 Compare and contrast the six geographic regions of Arkansas using geographic representations and available geospatial technologies (e.g., Global Positioning System, Geographic Information System).
Geography
G.1 Students will understand the purpose of geographic tools (e.g., maps, globes, charts, graphs) to understand, analyze, and explain human interaction with each other and with the environment. This includes the spatial characteristics and patterns of human settlement and connections between global regions.
Human-Environment Interaction
G.1.ARH.2 Analyze the availability of resources and their effects on the geographic development of each region of the state
● Arkansas River Valley (e.g., agriculture, coal, natural gas, water) ● Crowley’s Ridge (e.g., agriculture) ● Mississippi Alluvial Plain (Delta) (e.g., agriculture, waterfowl, fish) ● Ouachita Mountains (e.g., thermal springs, timber, quartz) ● Ozark Mountains (e.g., minerals, natural gas) ● West Gulf Coastal Plain (e.g., bromine, diamonds, timber, bauxite, oil, wild game)
G.1.ARH.3 Evaluate the human impact on water systems in Arkansas over time, including the use of aquifers for agriculture and the use of rivers and lakes for trade, transportation, recreation, and flood control such as the McClellan-Kerr Arkansas River Navigation System.
G.1.ARH.4 Analyze the natural phenomena on the environment of specific regions such as Tornado Alley, New Madrid earthquakes, Flood of 1927, Drought of 1930, Arkansas River Flood of 2019.
Geography
G.1 Students will understand the purpose of geographic tools (e.g., maps, globes, charts, graphs) to understand, analyze, and explain human interaction with each other and with the environment. This includes the spatial characteristics and patterns of human settlement and connections between global regions.
Spatial Patterns and Movement
G.1.ARH.5 Analyze the impact of geographic features on settlement and movement patterns around the state.
G.1.ARH.6 Analyze relationships between the geography of Arkansas and economic development over time.
G.1.ARH.7 Examine how the geography of different communities and regions affects Arkansas’s cultural characteristics, including songs, stories, legends, and oral traditions.
History - Arkansas History
H.1 Students will understand chronology, patterns of continuity, and change over time. This includes the contextualization of historical events and ways people gather, view, construct, and interpret historical evidence.
Chronology, Change over time, Contextualization
H.1.ARH.1 Evaluate the significance of historical events and periods in early Arkansas:
● Presence of Indigenous people ● European exploration ● Territorial Arkansas period, including settlement and early government ● Indian Removal ● Early statehood period
H.1.ARH.2 Examine the cultural characteristics of Indigenous populations in Arkansas, both pre-Columbian (e.g., Mississippians) and Historic (e.g., Caddo, Osage, and Quapaw).
H.1.ARH.3 Summarize the events of Arkansas territorial and early statehood period, including the Hunter-Dunbar Expedition, early government, move of the capitol from Arkansas Post to Little Rock, establishment of the General Assembly, and the process by which Arkansas achieved statehood.
H.1.ARH.4 Analyze the historical significance of and reasons for Arkansas’s involvement in the Civil War, including events, battles, and people (including the Sultana Disaster) in various regions of Arkansas:
● Events (e.g., the Little Rock arsenal incident, the Secessionist Convention, split loyalties, Sultana Disaster) ● Battles (e.g., Pea Ridge, Prairie Grove, Pine Bluff, Little Rock, Helena, Camden Expedition, guerrilla warfare) ● People (e.g., Henry Rector, Isaac Murphy, David O. Dodd)
H.1.ARH.5 Examine the effects of emancipation and Reconstruction in Arkansas, including the Freedmen’s Bureau, sharecropping system, Brooks-Baxter War, Constitution of 1874, election of black legislators, restoration of Confederate voting rights, and subsequent Jim Crow laws.
H.1.ARH.6 Analyze social, economic, and political reforms of the Progressive Era in Arkansas, including women’s suffrage, growth and development of railroads, industrialism, and reform of the convict lease system.
H.1.ARH.7 Discuss social events and issues in Arkansas surrounding discrimination and marginalization, including Jim Crow laws, rise of the Ku Klux Klan, Elaine Race Massacre, and school segregation.
H.1.ARH.8 Discuss the social and cultural changes in Arkansas during the turn of the century, including music (e.g., spirituals, blues, jazz), food, and the influx of immigrants and immigrant communities (e.g., Little Italy, Altus, Catholic Point).
History - Arkansas History
H.1 Students will understand chronology, patterns of continuity, and change over time. This includes the contextualization of historical events and ways people gather, view, construct, and interpret historical evidence.
Perspective, Evidence, Causation
H.1.ARH.9 Investigate the social, economic, and political effects of World War I on various segments of the population in Arkansas, including soldier casualties and the impact of the 1918 Influenza Pandemic.
H.1.ARH.10 Examine the social, economic, and political effects of the Great Depression and the New Deal on various regions and segments of the population in Arkansas, including unemployment and the role of federal programs in the state.
H.1.ARH.11 Investigate social, economic, and political effects of World War II on various segments of the population in Arkansas, including soldiers off to war, war casualties, women at work, Japanese-American internment camps, victory, and war production plants.
H.1.ARH.12 Analyze social, economic, and political effects of the Civil Rights Movement on various regions in Arkansas.
H.1.ARH.13 Examine the social and cultural transformations in Arkansas in the areas of music, art, clothing, culture, and demographics.
H.1.ARH.14 Research contributions made by Arkansans in the fields of art, business, medicine, science, and technology in the 20th and 21st centuries
● Art (e.g., Johnny Cash, Jimmy Driftwood, Maya Angelou) ● Medicine (e.g., Dr. Samuel Lee Kountz Jr., Ruth Beall) ● Business (e.g., Don Tyson, J.B. Hunt, Sam Walton, William Dillard, Jackson T. Stephens) ● Science and technology (e.g., Isaac T. Gillam IV, Raye Jean Montague)
H.1.ARH.15 Research contributions made by various political, military, and social movement leaders in Arkansas
Dimension 1
Dimension 3
Dimension 4
Developing Questions and Planning Inquiries
Evaluating Sources and Using Evidence
Communicating Conclusions and Taking
Informed Action
1. Construct compelling questions that promote inquiry around key ideas and issues 2. Develop supporting questions that contribute to inquiry: identifying facts, concepts, and interpretations 3. Answer compelling and supporting questions using appropriate and available sources that consider multiple points of view
4. Gather relevant information from multiple perspectives and a variety of sources; evaluate the credibility of the source by determining its relevance and intended use 5. Use evidence from multiple sources to answer compelling and supporting questions by developing arguments with claims, counterclaims, and explanations
6. Construct arguments and explanations that convey ideas and perspectives to appropriate audiences using print, oral, and digital technologies 7. Critique the credibility, relevance, and use of evidence in arguments and explanations proposed by self and others 8. Use disciplinary lenses within the social sciences to understand local, regional, and global problems, propose solutions, or assess strategies and options for action while applying deliberative processes
K-12 Disciplinary Standards Overview
Civics
Economics
Geography
History
C.1 Students will understand the impact of origins, structures, and functions of institutions and laws on society and citizens. This includes personal civic rights, roles, responsibilities, and processes by which laws are made and amended. C.2 Students will understand the structure and functions of various types of government and how they exercise their powers. C.3 Students will understand the role of citizens in society, the ways the government protects the rights of citizens, the electoral process, and the role of political parties. C.4 Students will understand the process of making and changing laws and the ways institutions work together in carrying out the laws. C.5 Students will understand the impact of origins, structures, and functions of institutions and laws on society and Indigenous peoples. This includes the relationship of the Native nations and the United States during various time periods. C.6 Students will understand the structure and functions of various types of tribal government and how they exercise their powers. This includes the progress and challenges of present-day Native America.
E.1 Students will understand the impact of economic decision-making. This includes the exchange of goods and services; role of producers, consumers, and government in the marketplace; and growth, stability, and interdependence within a global economy. E.2 Students will understand the impact of economic decision-making. This includes considering the marginal costs and benefits of alternatives. E.3 Students will understand the exchange of goods and services. This includes different allocation methods and changes in supply and demand; the role of producers, consumers, and government in a market economy; and the degree of competition among buyers and sellers in markets. E.4 Students will understand the growth, stability, and interdependence within a national economy. This includes the current and future state of the economy using economic indicators and monetary and fiscal policies for a variety of economic conditions. E.5 Students will understand the growth, stability, and interdependence within a global economy. This includes ways in which trade leads to increased economic interdependence. E.6 Students will understand the factors affecting income, wealth, and financial risk. This includes the role of credit in personal finance.
G.1 Students will understand the purpose of geographic tools (e.g., maps, globes, charts, graphs) to understand, analyze, and explain human interaction with each other and with the environment. This includes the spatial characteristics and patterns of human settlement and connections between global regions. G.2 Students will understand the purpose of geographic tools (e.g., maps, globes, charts, graphs) to interpret spatial information. This includes spatial organization of people, cultures, places, and environments within various regions and geographic skills to interpret the past, present, and plan for the future. G.3 Students will understand the characteristics of different physical and cultural regions and how they change over time (through demographic changes, migration, settlement, and conflict). This includes the impact physical geography has on human systems, including politics, culture, economics, and use of resources and how a region or culture interacts with itself, the environment, and other regions and cultures. G.4 Students will understand the impact humans have on the environment. This includes the distribution, management, and consumption of resources. G.5 Students will understand the impact Indigenous peoples have on the environment. This includes the communal view of how Indigenous peoples utilized the land and resources; and the characteristics of the original Indigenous peoples of Arkansas by analyzing artifacts, artwork, and other sources.
H.1 Students will understand chronology, patterns of continuity, and change over time. This includes the contextualization of historical events and ways people gather, view, construct, and interpret historical evidence. H.2 Students will understand key historical periods from the beginning of civilization (World Era 1) through 1500 C.E. (World Era 5). This includes the patterns of social, economic, and political change over time and the ways people view, construct, and interpret the history of nations and cultures of the world. H.3 Students will understand key historical periods from the United States' Beginnings (Era 1) through 1850 (Era 4). This includes the patterns of social, economic, and political change over time and the ways people view, construct, and interpret the history of the United States. H.4 Students will understand key historical periods from Civil War and Reconstruction (Era 5) to the Emergence of Modern America, 1890-1930 (Era 7). This includes the patterns of social, economic, and political change over time and the ways people view, construct, and interpret the history of the United States. H.5 Students will understand key historical periods from the Great Depression and World War II, 1929-1945 (Era 8), to the Contemporary United States, 1968 to Present (Era 10). This includes the patterns of social, economic, and political change over time and the ways people view, construct, and interpret the history of the United States. H.6 Students will understand key historical periods from the Emergence of the First Global Age, 1450-1770 (World Era 6), to the Twentieth Century Since 1945 (World Era 9). This includes the patterns of social, economic, and political change over time and the ways people view, construct, and interpret the history of nations and cultures of the world.
History
H.3 Students will understand key historical periods from the United States' Beginnings (Era 1) through 1850 (Era 4). This includes the patterns of social, economic, and political change over time and the ways people view, construct, and interpret the history of the United States.
United States Beginnings through 1850 (Era 1 through Era 4)
Era 1: Beginnings to 1620
● Pre-European Exploration (Prehistory-1540) (E1)
Era 2: 1585-1763
● European Exploration and Settlement through Arkansas Settlement (1541-1763) (E2)
Era 3: 1754 through the 1820s
● Early history of Arkansas (1754-1802) (E3)
Era 4: 1801 through 1850
● Louisiana Purchase through Early Statehood (1803-1850) (E4)
History
H.4 Students will understand key historical periods from Civil War and Reconstruction (Era 5), to the Emergence of Modern America, 1890-1930 (Era 7). This includes the patterns of social, economic, and political change over time and the ways people view, construct, and interpret the history of the United States.
United States History 1850-1930 (Era 5 through Era 7)
Era 5: 1850-1877
● Civil War through Reconstruction (1861-1874) (E5)
Era 6: 1870-1900
● Post-Reconstruction through the Gilded Age (1875-1900) (E6)
Era 7: 1890-1930
● Perspectives of Arkansans in the early 20th century (1901-1930) (E7)
History
H.5 Students will understand key historical periods from the Emergence of Modern America, 1890-1930 (Era 7), to the Contemporary United States, 1968 to Present (Era 10). This includes the patterns of social, economic, and political change over time and the ways people view, construct, and interpret the history of the United States.
United States History 1929-Present (Era 8 though Era 10)
Era 8: 1929-1940
● Perspectives of Arkansans in the early 20th century (1929-1940) (E8)
Era 9: 1941-1967
● World War II Through the Civil Rights Era (1941-1967) (E9)
Era 10: 1968 to Present
● Modern Era (1968 to Present) (E10)
History - United States Beginnings through the 1820s
H.3 Students will understand key historical periods from the United States' Beginnings (Era 1) through 1850 (Era 4). This includes the patterns of social, economic, and political change over time and the ways people view, construct, and interpret the history of the United States.
Era 1: Pre-European Exploration (Prehistory-1540) Era 2: European Exploration and Settlement through Arkansas Settlement (1541-1763) Era 3: Early history of Arkansas (1754-1802)
Eras 1-3
H.3.ARH.1 Compare pre-European cultural characteristics of early Indigenous populations in Arkansas:
● Caddo ● Chickasaw ● Osage ● Quapaw ● Tunica
H.3.ARH.2 Analyze the impact of European explorers on Indigenous populations and the environment:
● Hernando De Soto ● Father Jacques Marquette and Louis Joliet ● René-Robert Cavelier, Sieur de La Salle ● Henri de Tonti ● Bernard de la Harpe
H.3.ARH.3 Analyze reasons for migration to pre-territorial Arkansas, including physical geography, natural resources, and economic opportunities.
History - United States History 1800-1900
H.4 Students will understand key historical periods from Expansion and Reform, 1801-1861 (Era 4), to the Development of the Industrial United States, 1870-1900 (Era 6). This includes the patterns of social, economic, and political change over time and the ways people view, construct, and interpret the history of the United States.
Era 4: Louisiana Purchase through Early Statehood 1803-1860
Era 4
H.4.ARH.1 Evaluate the intended and unintended consequences of public policies in Arkansas from the early 1800s:
● Louisiana Purchase: opening of Arkansas to U.S. settlement ● Missouri Compromise: Statehood and expansion of slavery ● Indian Removal Act: Osage, Caddo, and Quapaw relocation
H.4.ARH.2 Explain the process of Arkansas gaining territorial status and its advantages to settlers, including state and county court systems, government assistance, transportation, and economic growth.
H.4.ARH.3 Analyze actions of territorial officers and early governors and their effects on the development of Arkansas.
H.4.ARH.4 Evaluate the effects of human-made and natural disasters on Arkansas such as New Madrid earthquake, river flooding, disease outbreaks, and tornadoes.
H.4.ARH.5 Evaluate reasons for and impact of human settlement on various regions of Arkansas, including economic growth, agriculture, growth and development of roads and railroads, land grants, and establishment of schools and local government.
History - United States History 1800-1900
H.4 Students will understand key historical periods from Expansion and Reform, 1801-1861 (Era 4), to the Development of the Industrial United States, 1870-1900 (Era 6). This includes the patterns of social, economic, and political change over time and the ways people view, construct, and interpret the history of the United States.
Era 5: Civil War through Reconstruction (1861-1874) Era 6: Post-Reconstruction through the Gilded Age (1875-1900)
Eras 5-6
H.4.ARH.6 Analyze causes and effects of the secession of Arkansas from the Union, including the role of slavery and states’ rights, Lincoln’s call for a militia, cooperationists, and various state leaders.
H.4.ARH.7 Research social, economic, and political effects of the Civil War on citizens in various regions:
● Social and economic effects: (e.g., resource scarcity, changes in Southern way of life) ● Political effects: (e.g., civil unrest, guerrilla warfare, abolition of slavery, lack of government, shifts in leadership and power, dual governments)
H.4.ARH.8 Analyze the historical significance of and reasons for Arkansas’s involvement in the Civil War, including events, battles, and people in various regions of Arkansas:
● Events: (e.g., the Little Rock arsenal incident, the Secessionist Convention, split loyalties, Sultana Disaster) ● Battles: (e.g., Pea Ridge, Prairie Grove, Pine Bluff, Little Rock, Helena, Camden Expedition, guerrilla warfare) ● People: (e.g., Henry Rector, Isaac Murphy, David O. Dodd, Arkansas Peace Society, Harris Flanagin, Theophilus Holmes)
H.4.ARH.9 Examine the effects of emancipation and Reconstruction in Arkansas, including the Freedmen’s Bureau, the sharecropping system, the Brooks-Baxter War, the Arkansas Constitution of 1874, election of black legislators, restoration of Confederate voting rights, and subsequent Jim Crow laws.
H.4.ARH.10 Examine the effects of social and economic transformations on various regions and segments of the population, including the rise of various industries (e.g., oil, mining), prosperity, transportation networks (e.g., railroad growth), migration/immigration, and education reform.
History - United States History since 1890
H.5 Students will understand key historical periods from the Emergence of Modern America, 1890-1930 (Era 7), to the Contemporary United States, 1968 to Present (Era 10). This includes the patterns of social, economic, and political change over time and the ways people view, construct, and interpret the history of the United States.
Era 7: Perspectives of Arkansans in the early 20th century (1901-1930)
Era 7
H.5.ARH.1 Investigate social, economic, and political reforms of the Progressive Era in Arkansas, including women’s suffrage, growth and development of railroads, industrialism, reform of the convict lease system, and establishment of educational institutions (e.g., land grant colleges, founding of the University of Arkansas and University of Arkansas at Pine Bluff).
H.5.ARH.2 Analyze social events and issues in Arkansas surrounding discrimination and marginalization, including Jim Crow laws, rise of the Ku Klux Klan, Elaine Race Massacre, and school segregation.
H.5.ARH.3 Analyze economic developments in Arkansas during the early 20th century such as Monte Ne and Hot Springs resorts, oil boom, and the timber industry.
H.5.ARH.4 Evaluate social, economic, and political effects of World War l on Arkansans, including the establishment of the Arkansas chapter of the American Red Cross.
H.5.ARH.5 Examine responses to natural disasters in Arkansas including the Flu Pandemic of 1918, Flood of 1927, and Drought of 1930-31.
History - United States History since 1890
H.5 Students will understand key historical periods from the Emergence of Modern America, 1890-1930 (Era 7), to the Contemporary United States, 1968 to Present (Era 10). This includes the patterns of social, economic, and political change over time and the ways people view, construct, and interpret the history of the United States.
Era 8: Perspectives of Arkansans in the early 20th century (1929-1940)
Era 8
H.5.ARH.6 Analyze the social, economic, and political effects of the Great Depression and the New Deal on various regions and segments of the population in Arkansas, including unemployment, protectionism, tent cities, and the role of federal programs in the state:
● Civilian Conservation Corps (e.g., Crowley’s Ridge State Park, Petit Jean State Park) ● Federal Art Project (e.g., employed artists and musicians to record music throughout locations in Arkansas, including for prisoners at Cummins Prison, and to paint wall murals in a number of town post offices) ● Works Progress Administration (e.g., Arkansas Slave Narrative; provided instruction in in-home canning and gardening classes)
H.5.ARH.7 Analyze social, economic, and political effects of World War II on various segments of the population in Arkansas, including soldiers off to war, war casualties, rationing, homefront (including women at work, war bonds, war production plants, victory gardens), prisoner of war camps (i.e., Camp Robinson, Fort Chaffee, Camp Dermott), and Japanese-American internment camps (i.e., Jerome and Rohwer).
H.5.ARH.8 Investigate contributions made by local, state, and national political leaders in Arkansas post-World War II.
H.5.ARH.9 Analyze the economic development of Arkansas post-World War II such as the timber industry, catfish farms, poultry industry, agriculture, transportation, tourism, and right-to-work law impact on labor unions.
H.5.ARH.10 Analyze multiple perspectives of the social, economic, and political effects of the Civil Rights Movement on various regions in Arkansas, including clashes between state and federal authorities:
● School integration (e.g., Hoxie, Fayetteville, Little Rock, including the Little Rock Nine) ● Clashes between state and federal authorities (e.g., Orval Faubus, Ronald Davies, Dwight Eisenhower) ● State legislation and The Lost Year - Central High 1958
History - United States History since 1890
H.5 Students will understand key historical periods from the Emergence of Modern America, 1890-1930 (Era 7), to the Contemporary United States, 1968 to Present (Era 10). This includes the patterns of social, economic, and political change over time and the ways people view, construct, and interpret the history of the United States.
Era 10: Modern Era (1968 to Present)
H.5.ARH.11 Analyze the impact of Arkansas businesses and entrepreneurs locally, nationally, and globally, which may include agriculture (e.g., rice and soybean exports) and outdoor sports (e.g., duck hunting, fishing).
H.5.ARH.12 Examine effects of social and cultural transformations on various segments of the population across Arkansas, which may include music (e.g., spirituals, blues, jazz), art, clothing, food, and demographic changes in communities (e.g., immigrant communities of Little Italy, Altus, Catholic Point).
H.5.ARH.13 Analyze the effects of conflicts and their resolutions on the citizens of Arkansas, which may include the Vietnam War Draft, Cold War-era defense systems, missile silos (e.g., 1980 Damascus Titan missile explosion), increased trade, voluntary and involuntary migration.
H.5.ARH.14 Analyze ways that Arkansans addressed a variety of public issues by using or challenging local, state, national, and international laws (e.g., voting, petitions, protest, communication with lawmakers and elected officials).
H.5.ARH.15 Evaluate contributions made by various leaders and entrepreneurs in Arkansas.","Course Focus and Content In Grades K-6, students receive a foundation in Arkansas History. Arkansas History Grades 7-8 is an in-depth and rigorous study of civics/government, economics, geography, and history of the state. The format of this course encourages teachers to incorporate the social, cultural, and geographic information particular to their locality when developing district curriculum.
Teacher Note: Key Arkansas entrepreneurs may include:
● Sam Walton (retail) ● Don Tyson (chicken processing) ● J.B. Hunt (trucking) ● William Dillard (department stores) ● Buddy Coleman (dairy) ● John Johnson (publishing) ● Harvey Couch (electricity) ● Gerald Alley (construction) ● Jack Stephens (investment banking) ● Al Bell (music production)
This may include the Louisiana Purchase survey, the impact of swamps in east and south Arkansas hindering migration and settlement; the mountains in north and west Arkansas hindering migration and prohibiting large-scale farming; and the impact of rivers and bayous throughout the state facilitating travel and transportation of goods.
Teacher Note: This may include:
● Tourism from lakes, rivers, forests, state parks, and thermal springs ● Large-scale agriculture from the Delta plains and Arkansas River Valley ● Major industries from natural resources such as timber, bromine, natural gas, and oil
Teacher Note: Examples may include:
● “The Arkansas Traveler” (folk tune/story) ● Legend of Forked Mountain (legend) ● “The Big Bear of Arkansas” (short story) ● Fouke monster (folklore)
Teacher Note: Convict leasing was a system in which individuals serving time in state prisons were contracted out to companies by the state for labor. The system was not reformed until Governors Jeff Davis and George Donaghey in the early 20th century.
Teacher Note: While the focus of this standard addresses discrimination, teachers may also want to include some of the achievements made during this time period as well, particularly in the area of education and literacy in which Joseph Albert Booker, a black Arkansas educator and civil rights leader, spent much of his life improving.
Teacher Note: These programs may include:
● Civilian Conservation Corps (e.g., Crowley’s Ridge State Park, Petit Jean State Park) ● Federal Art Project (e.g., employed artists and musicians to record music throughout locations in Arkansas, including Cummins Prison, and paint wall murals in a number of town post offices) ● Works Progress Administration (e.g., Arkansas Slave Narratives; provided instruction in in-home canning and gardening)
Teacher Note: This may include:
● School integration (e.g., Hoxie, Fayetteville, Little Rock, including the Little Rock Nine) ● Clashes between state and federal authorities (e.g., Orval Faubus, Ronald Davies, Dwight Eisenhower) ● State legislation and The Lost Year - Central High 1958
Teacher Note: This may include:
● Political (e.g., Hattie Caraway, William H. Grey, Isaac George Bailey, Dorathy Allen, Winthrop Rockefeller, Bill Clinton) ● Military (e.g., Douglas MacArthur) ● Social (e.g., Daisy Bates, William Harold Flowers, George Dickey)
Course Focus and Content Arkansas History Grades 9-12 provides a study of the history of Arkansas. The course addresses the geographic features and economics of the state, focusing on political, social, religious, military, scientific, and cultural developments that have occurred over time. The more rigorous coursework for Arkansas History Grades 9-12 is organized historically and chronologically. Arkansas History Grades 9-12 references the Encyclopedia of Arkansas eras and time periods to organize the strands and content standards.
Teacher Note: When examining the time period surrounding the Indian Removal Act of 1830, students should differentiate between land cession of local tribes - Caddo, Osage, and Quapaw - and Indian Removal of the Five Tribes (Cherokee, Chiciksaw, Choctaw, Muscogee (Creek) Nation, and Seminole) along the Trail of Tears through Arkansas.
Teacher Note: Early newspapers (readily available online through Library of Congress and other sources) would be an excellent secondary resource for this SLE. Note that the cooperationists sought for remaining slave states to secede from the Union simultaneously.
Teacher Note: Arkansas African American Legislators, 1868-1893 is a title that discusses the African American men who served in the Arkansas General Assembly. The Arkansas Constitution of 1868, passed shortly after the conclusion of the Civil War, ensured suffrage and the right to hold public office for black males.
Teacher Note: Act 611 - Holocaust Education (required) *possible connections for incorporating the Holocaust would include the Anne Frank tree curriculum (Clinton Library), World War ll soldiers from Arkansas who liberated concentration camps at the end of the war, Holocaust survivors who eventually moved to Arkansas (or visited as speakers at various institutions - often recorded for later sharing).
Teacher Note: Examples may include General Douglas MacArthur and General Wesley Clark.
This may include:
● Political: (e.g., Hattie Caraway, William H. Grey, Isaac George Bailey, Dorathy Allen, Winthrop Rockefeller, Bill Clinton) ● Business: (e.g., Don Tyson, J.B. Hunt, Sam Walton, William Dillard, Jackson T. Stephens) ● Military: (e.g., Douglas MacArthur) ● Medicine: (e.g., Dr. Samuel Lee Kountz Jr., Ruth Beall) ● Science and technology: (e.g., Isaac T. Gillam IV, Raye Jean Montague) ● Social: (e.g., Daisy Bates, William Harold Flowers, John Walker) ● Arts: (e.g., George Dickey, Johnny Cash, Jimmy Driftwood, Maya Angelou, Sister Rosetta Tharpe, George Newman, Billy Bob Thornton, Mary Steenburgen)","Grades 7/8 Arkansas History
Social Studies Academic Standards
Revised 2022
Integrating Standards and Selecting Content Topics The disciplinary strands, standards, components, and the Knowledge and Skill Performance Expectations (KPEs and SPEs) are meant to be taught in an integrated manner, not in isolation. For example, a student might be studying an historical event or person while also learning specific civics, economics, geography, and/or history standards. The KPEs and SPEs require conceptual understanding which can be applied to future learning and additional content that may not be listed in the standards. The goal of knowledge acquisition in K-12 is for students to build knowledge and have experiences with content topics connected to their communities, the state of Arkansas, the United States, and the world. A thematic continuum of learning is provided to clarify (Figure 1) the expansion of learning from community to state to the world.
Figure 1
Related Laws for Social Studies A.C.A. § 1-5-109. Prisoners of War Remembrance Day. A.C.A. § 1-5-112. POW/MIA Recognition Day. A.C.A. § 1-5-113. Native American Heritage Week. A.C.A. § 1-5-114. Juneteenth Independence Day. A.C.A. § 1-5-119. Sultana Disaster Remembrance Day. A.C.A. § 6-16-101. Celebrate Freedom Week. A.C.A. § 6-16-105. United States Flag. A.C.A. § 6-16-106. Arkansas Flag. A.C.A. § 6-16-107. Patriotic Observances Generally. A.C.A. § 6-16-108. Recitation of the Pledge of Allegiance. A.C.A. § 6-16-111. Morals, Manners, Patriotism, and Business and Professional Integrity. A.C.A. § 6-16-121. African-American History – Teaching materials. A.C.A. § 6-16-122. American Heritage. A.C.A. § 6-16-148. Foundation of certain social studies or history courses offered in grades seven through twelve. A.C.A. § 6-16-154. Holocaust Education. A.C.A. § 6-16-124. Arkansas History – Required Social Studies Course. A.C.A. § 6-17-703. Arkansas History Professional Development. Teacher Note: Not all state statutes apply to the current grade level content.
Skills and Application Throughout the course, students will develop and apply disciplinary literacy skills: reading, writing, speaking, and listening. As students seek answers to compelling and supporting questions, they will examine a variety of primary and secondary sources and communicate responses in multiple ways, including oral, visual, and written forms. Students must be able to select and evaluate sources of information, draw and build upon ideas, explore issues, examine data, and analyze events from the full range of human experience to develop critical thinking skills essential for productive citizens. Arkansas History is required by Act 787 of 1997 and the Standards for Accreditation and does not need Arkansas Department of Education approval.
Primary and Secondary Sources and Disciplinary Literacy Standards The Disciplinary Literacy Standards for History/Social Studies guide students with the specific skills they need to engage with all social studies content. These reading and writing skills are separated by grade bands and include the use of primary and secondary sources, analysis of content from a variety of perspectives, and assessment of the credibility and accuracy of sources. Teachers should access the Disciplinary Literacy Standards Resource for History/Social Studies document through the Division of Elementary and Secondary Education website.
The College, Career, and Civic Life C3 Framework for Social Studies State Standards The acquisition of content knowledge and skills is paramount in a robust social studies program rooted in inquiry. The chart below summarizes social studies practices in four Dimensions.
● Dimensions 1, 3, and 4 of the College, Career, and Civic Life C3 Framework for Social Studies State Standards. These practices should be addressed throughout Grades K-12, building as students acquire the skills. ● Dimension 2 Applying Disciplinary Concepts and Tools sets forth the conceptual content, and the alignment to this dimension is embedded in the KPEs and SPEs.
Dimension 21 Applying Disciplinary Concepts and Tools
Civics
Economics
Geography
History
Social Sciences
● Civic and Political Institutions ● Participation and Deliberation ● Processes, Rules, and Laws
● Economic Decision-Making ● Exchange and Markets ● Growth and Stability ● The National Economy ● The Global Economy
● Geographic Representations: Spatial Views of the World ● Human-Environment Interaction: Place, Regions, and Culture ● Human Populations: Spatial Patterns and Movements ● Global Interconnections: Global Spatial Patterns
● Change, Continuity, and Context ● Perspectives ● Historical Sources and Evidence ● Causation and Argumentation
● Psychology ● Sociology
1 Organizational structure of the Social Studies Academic Standards is based on disciplinary strands in the C3 Framework.
Disciplinary Standards At a Glance
Disciplinary Strand
Disciplinary Standard
Disciplinary Component
● Grade or Course Specific Components
Arkansas History
Social Studies Academic Standards
Revised 2022
Course/Unit Credit: 0.5 Course Number: 473000 Teacher Licensure: Please refer to the Course Code Management System (https://adedata.arkansas.gov/ccms/) for the most current licensure codes. Grades: 9-12 Prerequisites:
None
Integrating Standards and Selecting Content Topics The disciplinary strands, standards, components, and the Knowledge and Skill Performance Expectations (KPEs and SPEs) are meant to be taught in an integrated manner, not in isolation. For example, a student might be studying an historical event or person while also learning specific civics, economics, geography, and/or history standards. The KPEs and SPEs require conceptual understanding which can be applied to future learning and additional content that may not be listed in the standards. The goal of knowledge acquisition in K-12 is for students to build knowledge and have experiences with content topics connected to their communities, the state of Arkansas, the United States, and the world. A thematic continuum of learning is provided to clarify (Figure 1) the expansion of learning from community to state to the world.
Figure 1
Related Laws for Social Studies A.C.A. § 1-5-109. Prisoners of War Remembrance Day. A.C.A. § 1-5-112. POW/MIA Recognition Day. A.C.A. § 1-5-113. Native American Heritage Week. A.C.A. § 1-5-114. Juneteenth Independence Day. A.C.A. § 1-5-119. Sultana Disaster Remembrance Day. A.C.A. § 6-16-101. Celebrate Freedom Week. A.C.A. § 6-16-105. United States Flag. A.C.A. § 6-16-106. Arkansas Flag. A.C.A. § 6-16-107. Patriotic Observances Generally. A.C.A. § 6-16-108. Recitation of the Pledge of Allegiance. A.C.A. § 6-16-111. Morals, Manners, Patriotism, and Business and Professional Integrity. A.C.A. § 6-16-121. African-American History – Teaching materials. A.C.A. § 6-16-122. American Heritage. A.C.A. § 6-16-148. Foundation of certain social studies or history courses offered in grades seven through twelve. A.C.A. § 6-16-154. Holocaust Education. A.C.A. § 6-16-124. Arkansas History – Required Social Studies Course. A.C.A. § 6-17-703. Arkansas History Professional Development. Teacher Note: Not all state statutes apply to the current grade level content.
Skills and Application Throughout the course, students will develop and apply disciplinary literacy skills: reading, writing, speaking, and listening. As students seek answers to compelling and supporting questions, they will examine a variety of primary and secondary sources and communicate responses in multiple ways, including oral, visual, and written forms. Students must be able to select and evaluate sources of information, draw and build upon ideas, explore issues, examine data, and analyze events from the full range of human experience to develop critical thinking skills essential for productive citizens. Arkansas History is required by Act 787 of 1997 and the Standards for Accreditation and does not need Arkansas Department of Education approval.
Primary and Secondary Sources and Disciplinary Literacy Standards The Disciplinary Literacy Standards for History/Social Studies guide students with the specific skills they need to engage with all social studies content. These reading and writing skills are separated by grade bands and include the use of primary and secondary sources, analysis of content from a variety of perspectives, and assessment of the credibility and accuracy of sources. Teachers should access the Disciplinary Literacy Standards Resource for History/Social Studies document through the Division of Elementary and Secondary Education website.
The College, Career, and Civic Life C3 Framework for Social Studies State Standards The acquisition of content knowledge and skills is paramount in a robust social studies program rooted in inquiry. The chart below summarizes social studies practices in four Dimensions.
● Dimensions 1, 3, and 4 of the College, Career, and Civic Life C3 Framework for Social Studies State Standards. These practices should be addressed throughout Grades K-12, building as students acquire the skills. ● Dimension 2 Applying Disciplinary Concepts and Tools sets forth the conceptual content, and the alignment to this dimension is embedded in the KPEs and SPEs.
Dimension 21 Applying Disciplinary Concepts and Tools
Civics
Economics
Geography
History
Social Sciences
● Civic and Political Institutions ● Participation and Deliberation ● Processes, Rules, and Laws
● Economic Decision-Making ● Exchange and Markets ● Growth and Stability ● The National Economy ● The Global Economy
● Geographic Representations: Spatial Views of the World ● Human-Environment Interaction: Place, Regions, and Culture ● Human Populations: Spatial Patterns and Movements ● Global Interconnections: Global Spatial Patterns
● Change, Continuity, and Context ● Perspectives ● Historical Sources and Evidence ● Causation and Argumentation
● Psychology ● Sociology
1 Organizational structure of the Social Studies Academic Standards is based on disciplinary strands in the C3 Framework.
Disciplinary Standards At a Glance
Disciplinary Strand
Disciplinary Standard
Disciplinary Component
● Grade or Course Specific Components
Disciplinary Note
The major work of the Arkansas History course includes the disciplinary strands of Civics, Economics, Geography, and History. Each disciplinary strand is meant to be taught in an integrated manner, not in isolation. Teacher Note: Concepts of the Civics, Economic, and Geography strands are implicitly addressed in the embedded KPEs and SPEs.
Civics
Economics
Geography
●Civic and Political Institutions ●Participation and Deliberation ●Processes, Rules, and Laws
●Economic Decision-Making ●Exchange and Markets ●Growth and Stability ●The National Economy ●The Global Economy
●Geographic Representations: Spatial Views of the World ●Human-Environment Interaction: Place, Regions, and Culture ●Human Populations: Spatial Patterns and Movements ●Global Interconnections: Global Spatial Patterns",AR_Grades_7-8_Arkansas_History_Standards_2022_LS.pdf; AR_Grades_9-12_Arkansas_History_Standards_2022_LS.pdf,"AR_Grades_7-8_Arkansas_History_Standards_2022_LS.pdf: u234 and u233 (H.1.ARH.14) list is e.g. list inside KPE; labeled standards.
AR_Grades_7-8_Arkansas_History_Standards_2022_LS.pdf: u235 H.1.ARH.15 lacks a final period and its examples are in Teacher Note u236-u237.
AR_Grades_7-8_Arkansas_History_Standards_2022_LS.pdf: K-12 overview and C3 skills labeled course null grades 7-8 (shared course content).
AR_Grades_9-12_Arkansas_History_Standards_2022_LS.pdf: Page 10-11: H.4 statement repeated under heading 'United States History 1800-1900'; the H.4.ARH.10 (u154) sits on the next page before the H.5 heading u155.
AR_Grades_9-12_Arkansas_History_Standards_2022_LS.pdf: u175-u176: Federal Art Project/WPA bullets are in unit u176 with e.g. lists; labeled standards.
AR_Grades_9-12_Arkansas_History_Standards_2022_LS.pdf: K-12 overview and C3 skills labeled course null grades 9-12 (shared HS content)."
AR_08,AR,[8],,,"United States History Era 5: 1850 through Era 7: 1930
Dimension 1
Dimension 3
Dimension 4
Developing Questions and Planning Inquiries
Evaluating Sources and Using Evidence
Communicating Conclusions and Taking
Informed Action
1. Construct compelling questions that promote inquiry around key ideas and issues 2. Develop supporting questions that contribute to inquiry: identifying facts, concepts, and interpretations 3. Answer compelling and supporting questions using appropriate and available sources that consider multiple points of view
4. Gather relevant information from multiple perspectives and a variety of sources; evaluate the credibility of the source by determining its relevance and intended use 5. Use evidence from multiple sources to answer compelling and supporting questions by developing arguments with claims, counterclaims, and explanations
6. Construct arguments and explanations that convey ideas and perspectives to appropriate audiences using print, oral, and digital technologies 7. Critique the credibility, relevance, and use of evidence in arguments and explanations proposed by self and others 8. Use disciplinary lenses within the social sciences to understand local, regional, and global problems, propose solutions, or assess strategies and options for action while applying deliberative processes
K-12 Disciplinary Standards Overview
Civics
Economics
Geography
History
C.1 Students will understand the impact of origins, structures, and functions of institutions and laws on society and citizens. This includes personal civic rights, roles, responsibilities, and processes by which laws are made and amended. C.2 Students will understand the structure and functions of various types of government and how they exercise their powers. C.3 Students will understand the role of citizens in society, the ways the government protects the rights of citizens, the electoral process, and the role of political parties. C.4 Students will understand the process of making and changing laws and the ways institutions work together in carrying out the laws. C.5 Students will understand the impact of origins, structures, and functions of institutions and laws on society and Indigenous peoples. This includes the relationship of the Native nations and the United States during various time periods. C.6 Students will understand the structure and functions of various types of tribal government and how they exercise their powers. This includes the progress and challenges of present-day Native America.
E.1 Students will understand the impact of economic decision-making. This includes the exchange of goods and services; role of producers, consumers, and government in the marketplace; and growth, stability, and interdependence within a global economy. E.2 Students will understand the impact of economic decision-making. This includes considering the marginal costs and benefits of alternatives. E.3 Students will understand the exchange of goods and services. This includes different allocation methods and changes in supply and demand; the role of producers, consumers, and government in a market economy; and the degree of competition among buyers and sellers in markets. E.4 Students will understand the growth, stability, and interdependence within a national economy. This includes the current and future state of the economy using economic indicators and monetary and fiscal policies for a variety of economic conditions. E.5 Students will understand the growth, stability, and interdependence within a global economy. This includes ways in which trade leads to increased economic interdependence. E.6 Students will understand the factors affecting income, wealth, and financial risk. This includes the role of credit in personal finance.
G.1 Students will understand the purpose of geographic tools (e.g., maps, globes, charts, graphs) to understand, analyze, and explain human interaction with each other and with the environment. This includes the spatial characteristics and patterns of human settlement and connections between global regions. G.2 Students will understand the purpose of geographic tools (e.g., maps, globes, charts, graphs) to interpret spatial information. This includes spatial organization of people, cultures, places, and environments within various regions and geographic skills to interpret the past, present, and plan for the future. G.3 Students will understand the characteristics of different physical and cultural regions and how they change over time (through demographic changes, migration, settlement, and conflict). This includes the impact physical geography has on human systems, including politics, culture, economics, and use of resources and how a region or culture interacts with itself, the environment, and other regions and cultures. G.4 Students will understand the impact humans have on the environment. This includes the distribution, management, and consumption of resources. G.5 Students will understand the impact Indigenous peoples have on the environment. This includes the communal view of how Indigenous peoples utilized the land and resources; and the characteristics of the original Indigenous peoples of Arkansas by analyzing artifacts, artwork, and other sources.
H.1 Students will understand chronology, patterns of continuity, and change over time. This includes the contextualization of historical events and ways people gather, view, construct, and interpret historical evidence. H.2 Students will understand key historical periods from the beginning of civilization (World Era 1) through 1500 C.E. (World Era 5). This includes the patterns of social, economic, and political change over time and the ways people view, construct, and interpret the history of nations and cultures of the world. H.3 Students will understand key historical periods from the United States' Beginnings (Era 1) through 1850 (Era 4). This includes the patterns of social, economic, and political change over time and the ways people view, construct, and interpret the history of the United States. H.4 Students will understand key historical periods from Civil War and Reconstruction (Era 5) to the Emergence of Modern America, 1890-1930 (Era 7). This includes the patterns of social, economic, and political change over time and the ways people view, construct, and interpret the history of the United States. H.5 Students will understand key historical periods from the Great Depression and World War II, 1929-1945 (Era 8), to the Contemporary United States, 1968 to Present (Era 10). This includes the patterns of social, economic, and political change over time and the ways people view, construct, and interpret the history of the United States. H.6 Students will understand key historical periods from the Emergence of the First Global Age, 1450-1770 (World Era 6), to the Twentieth Century Since 1945 (World Era 9). This includes the patterns of social, economic, and political change over time and the ways people view, construct, and interpret the history of nations and cultures of the world.
History
H.4 Students will understand key historical periods from Civil War and Reconstruction, 1850-1877 (Era 5), to the Emergence of Modern America, 1890-1930 (Era 7). This includes the patterns of social, economic, and political change over time and the ways people view, construct, and interpret the history of the United States.
United States History 1850-1930 (Era 5 through Era 7)
Era 5: 1850-1877
● Civil War and Reconstruction (E5)
Era 6: 1870-1900
● Development of the Industrial United States (E6)
History
H.5 Students will understand key historical periods from the Emergence of Modern America, 1890-1930 (Era 7), to the Contemporary United States, 1968 to Present (Era 10). This includes the patterns of social, economic, and political change over time and the ways people view, construct, and interpret the history of the United States.
United States History 1890-1930 (Era 7)
Era 7: 1890-1930
● Emergence of Modern America - Territorial expansion and foreign policy of the United States (E7)
History - United States History 1850-1930 (Era 5 through Era 7)
H.4 Students will understand key historical periods from Civil War and Reconstruction, 1850-1877 (Era 5), to the Emergence of a Modern America, 1890-1930
(Era 7). This includes the patterns of social, economic, and political change over time and the ways people view, construct, and interpret the history of the United States.
Era 5: 1850-1877, Civil War and Reconstruction
Knowledge and Skill Performance Expectations
Era 5
H.4.8.1 Demonstrate proper etiquette for interacting with the Arkansas and American flags and evaluate the use of various flags between the 1850 and 1930 (e.g., flags used in the Civil War, development of the Arkansas flag).
H.4.8.2 Analyze the development of regional tensions prior to the Civil War:
● Economic development: (e.g., effects of cotton gin invention, Industrial Revolution, growth of manufacturing and railroads in northern states) ● Political actions: (e.g., tariffs, nullification crisis, compromises, disenfranchisement of free blacks) ● Expansion of slavery, immigration, and westward migration
H.4.8.3 Evaluate key laws and decisions addressing the issue of slavery prior to the Civil War:
● Missouri Compromise on the admittance of free and slave states ● Compromise of 1850, including the Fugitive Slave Act, and its impact on the abolition movement ● Popular sovereignty movement and Bleeding Kansas ● Dred Scott vs. Sanford decision
H.4.8.4 Evaluate the historical significance of key individuals, groups, and events leading to the Civil War
● Individuals: (e.g., Henry Clay, John C. Calhoun, Frederick Douglass, Harriet Beecher Stowe, Abraham Lincoln) ● Groups: (e.g., Free-Soil Party, Republican Party, Northern and Southern Democrats) ● Events: (e.g., John Brown’s raid, Nat Turner’s rebellion, Underground Railroad, election of Abraham Lincoln, state secessionist conventions)
H.4.8.5 Develop historical arguments and explanations of causes of the Civil War:
● Role of Congress and states’ rights (e.g., power to admit new states, tariff debate, Supremacy Clause, nullification crisis) ● Debates on the issue of slavery (e.g., expansion vs. popular sovereignty vs. free soil anti-slavery vs. total abolition) ● Sectionalism (e.g., cultural and economic differences between the North and South)
H.4.8.6 Explain ways economic development of the North and South created certain advantages and disadvantages during the course of the Civil War:
● Union/Northern states: (e.g., largely industrialized, manufacturing, extensive railroad network) ● Confederacy/Southern states: (e.g., largely agricultural, dependence on chattel slavery, less extensive transportation system)
H.4.8.7 Analyze political, social, and economic effects of the Civil War on America including destruction of property and infrastructure, a weakened economy, a stronger federal government, and loss of life and livelihoods.
H.4.8.8 Analyze the historical significance of key Civil War battles, events, and people:
● Battles: Fort Sumter, Bull Run, Gettysburg, Sherman’s March, Shiloh, Vicksburg, Appomattox ● Events: Lincoln presidency, Emancipation Proclamation, Gettysburg Address, Second Inaugural Address, assassination, Sultana disaster ● People: various Union and Confederate leaders and generals
H.4.8.9 Evaluate political, social, and economic impacts of Reconstruction:
● Political: (e.g., black voting rights, African-American role in government, military occupation of Southern states, Freedmen’s Bureau, Reconstruction Amendments, election of Rutherford B. Hayes, restoration of Confederate voting rights, subsequent passage of Jim Crow laws and Black Codes) ● Social: (e.g., public education and dramatic increase of literacy rates, rise of the Ku Klux Klan) ● Economic: (e.g., sharecropping system and crop liens, African-American economic positions, Southern economy)
History - United States History 1850-1930 (Era 5 through Era 7)
H.4 Students will understand key historical periods from Civil War and Reconstruction, 1850-1877 (Era 5), to the Emergence of a Modern America, 1890-1930
(Era 7). This includes the patterns of social, economic, and political change over time and the ways people view, construct, and interpret the history of the United States.
Era 6: 1870-1900, Development of the Industrial United States
Knowledge and Skill Performance Expectations
Era 6
H.4.8.10 Analyze economic, geographic, and technological growth associated with the Second Industrial Revolution and its impact on American society:
● Entrepreneurship: (e.g., John Rockefeller, Andrew Carnegie, J.P. Morgan, Henry Ford, Cornelius Vanderbilt, Jay Gould, Madam C.J. Walker) ● Energy: (e.g., oil, electricity, inventions/discoveries by Thomas Edison and Nikola Tesla) ● Transportation: (e.g., growth of railroads and steel, Wright brothers, automobile and assembly line)
H.4.8.11 Examine the causes and effects of immigration after 1870, including push-pull factors, ethnic enclaves, the assimilation process, and rise of nativism through law (e.g., Chinese Exclusion Act, Johnson-Reed Act).
H.4.8.12 Analyze the historical significance of the women’s suffrage movement, including key individuals, groups, and events that contributed:
● Individuals: (e.g., Susan B. Anthony, Elizabeth Cady Stanton, Sojourner Truth, Ida Wells, Grimké sisters) ● Groups: abolition and temperance movements groups ● Events: (e.g., passage of married women’s property acts in states, Seneca Falls Convention, passage of the 19th Amendment)
H.4.8.13 Examine government policies and laws that addressed the escalating labor conflicts and the creation, purpose, and rise of labor unions:
● Factory system ● Immigrant and child labor ● Convict leasing ● Union tactics (e.g., strikes, negotiations)
H.4.8.14 Evaluate federal policy toward Indigenous nations, westward expansion, and the resulting struggles and issues that arose.
History - United States History 1850-1930 (Era 5 through Era 7)
H.5 Students will understand key historical periods from the Emergence of Modern America, 1890-1930 (Era 7), to the Contemporary United States, 1968 to
Present (Era 10). This includes the patterns of social, economic, and political change over time and the ways people view, construct, and interpret the history of the United States.
Era 7: 1890-1930, Emergence of Modern America
Knowledge and Skill Performance Expectations
Era 7
H.5.8.1 Explain the origins, development, and impact of American expansionism, including the geographic effects of acquiring new territories, the expansionist foreign policy under William McKinley, Theodore Roosevelt, and William Taft, and the role of the Spanish-American War:
● Annexation of Alaska, Hawaii, Panama Canal ● Acquisition of federally protected land such as national parks ● Role of yellow journalism ● Treaty of Paris: annexation of Philippines, Puerto Rico, and Guam ● Open Door Policy with East Asia
H.5.8.2 Analyze motives for and significance of America’s entry into World War I, including the sinking of the RMS Lusitania, the Zimmerman Telegram, unrestricted submarine warfare, the Argonne Offensive, and key military leaders (e.g., General John J. Pershing and Alvin York).
H.5.8.3 Investigate political, social, and technological outcomes of World War I on American society:
● New weapons in warfare ● Women entering the workforce ● Espionage and Sedition Acts ● Wilson’s Fourteen Points and the ratification debate of the Treaty of Versailles
H.5.8.4 Analyze the changing role of the United States in the world from 1890-1930 and the effects on future eras.
H.5.8.5 Investigate the impact of Progressive Era reformers and ideas:
● Booker T. Washington vs. W.E.B. DuBois on civil rights ● John Dewey on education ● Jane Addams on social work ● Rise of religious liberalism, Social Darwinism, and the eugenics movement
H.5.8.6 Analyze short- and long-term effects of Progressive Era reforms at the local, state, and national levels:
● Food safety laws (e.g., Pure Food and Drug Act, Meat Packing Act) ● Industry and labor regulations (e.g., bans against child labor, Sherman Anti-Trust Act, Clayton Anti-Trust Act) ● Progressive legislation (e.g., adoption of initiative, referendum, recall, 16th, 17th, 18th, and 19th Amendments) ● Social and labor movements (e.g., populism, civil service reform, temperance, the Granger Movement)
H.5.8.7 Evaluate the effects of key political issues of the 1910s and 1920s:
● Nativism and cultural assimilation: (e.g., Emergency Quota Act, Sacco and Vanzetti) ● Racial discrimination and civil rights: (e.g., continued presence of Ku Klux Klan, founding of NAACP, Elaine Race Massacre, Tulsa Race Massacre) ● Indigenous rights: (e.g., Indian Citizenship Act, United States vs. Winans) ● Rise of Communism/Marxism: (e.g., First Red Scare, J. Edgar Hoover)
H.5.8.8 Examine reasons for and effects of social, economic, political, and cultural changes during the 1920s, including the Harlem Renaissance, Great Migration, Prohibition, and financial and consumer trends such as the rise of the automobile, buying on credit, advertising, household products, sports, and the arts.","Course Focus and Content In Grades K-7, students receive a strong foundation in social studies and United States history prior to its founding through the 18th century. Grade 8 Social Studies has an emphasis on United States history from Era 5: Civil War and Reconstruction (1859) to Era 7: the Emergence of Modern America (1930). The desired outcome of this course is for students to develop an understanding of the cause-and-effect relationship between events, recognize patterns of interactions, and understand the impact of events in the United States within an interconnected world. The history of the United States during the nineteenth century includes the integration of social, political, economic, and geographic components. The history strand in Grade 8 is organized chronologically using the eras and time periods from the National Center for History in the Schools. Civics/government, economics, and geography should be embedded into instructional units that correlate with the historic eras under study.
Teacher Note: Additional individuals and events that may be considered with this standard include the following:
● John Adams ● Thomas Jefferson ● Andrew Jackson ● Sojourner Truth ● Bleeding Kansas ● Split between Northern and Southern Democrats
Teacher Note: This may include the following:
● Battle of Little BigHorn
● Massacre at Wounded Knee ● Dawes Act of 1887 ● Homestead Act ● Role of frontier boomtowns and railroad expansion
Teacher Note: The Alaska Purchase officially took place between the United States and Russia in 1867 during the Andrew Johnson administration. Although this event occurred well before Era 7, teachers may include its purchase as a broader discussion about the impact of American expansion.
Teacher Note: When teaching the long-term impact of Social Darwinism and eugenics, teachers should seek to build a connection to the Holocaust, as these philosophies, which taught racialized categories, were later used by the Nazis to justify extermination of racial groups they considered “inferior.”",,AR_Grade_8_Social_Studies_Standards_2022_LS.pdf,"AR_Grade_8_Social_Studies_Standards_2022_LS.pdf: H.4.8.4 (u112) is followed by an e.g. list in u113 without a colon; kept as standards.
AR_Grade_8_Social_Studies_Standards_2022_LS.pdf: u97-u98, u130-u131, u156-u157 H.4/H.5 statements split across two units.
AR_Grade_8_Social_Studies_Standards_2022_LS.pdf: Lists broken across pages: u145/u150 (Teacher Note list), u169/u174 (H.5.8.5).
AR_Grade_8_Social_Studies_Standards_2022_LS.pdf: K-12 overview and C3 skills labeled grade 8 only."
AR_09-12_AfricanAmericanHistory,AR,"[9,10,11,12]",African American History,African American History,"Dimension 1
Dimension 3
Dimension 4
Developing Questions and Planning Inquiries
Evaluating Sources and Using Evidence
Communicating Conclusions and Taking
Informed Action
1. Construct compelling questions that promote inquiry around key ideas and issues 2. Develop supporting questions that contribute to inquiry: identifying facts, concepts, and interpretations 3. Answer compelling and supporting questions using appropriate and available sources that consider multiple points of view
4. Gather relevant information from multiple perspectives and a variety of sources; evaluate the credibility of the source by determining its relevance and intended use 5. Use evidence from multiple sources to answer compelling and supporting questions by developing arguments with claims, counterclaims, and explanations
6. Construct arguments and explanations that convey ideas and perspectives to appropriate audiences using print, oral, and digital technologies 7. Critique the credibility, relevance, and use of evidence in arguments and explanations proposed by self and others 8. Use disciplinary lenses within the social sciences to understand local, regional, and global problems, propose solutions, or assess strategies and options for action while applying deliberative processes
K-12 Disciplinary Standards Overview
Civics
Economics
Geography
History
C.1 Students will understand the impact of origins, structures, and functions of institutions and laws on society and citizens. This includes personal civic rights, roles, responsibilities, and processes by which laws are made and amended. C.2 Students will understand the structure and functions of various types of government and how they exercise their powers. C.3 Students will understand the role of citizens in society, the ways the government protects the rights of citizens, the electoral process, and the role of political parties. C.4 Students will understand the process of making and changing laws and the ways institutions work together in carrying out the laws. C.5 Students will understand the impact of origins, structures, and functions of institutions and laws on society and Indigenous peoples. This includes the relationship of the Native nations and the United States during various time periods. C.6 Students will understand the structure and functions of various types of tribal government and how they exercise their powers. This includes the progress and challenges of present-day Native America.
E.1 Students will understand the impact of economic decision-making. This includes the exchange of goods and services; role of producers, consumers, and government in the marketplace; and growth, stability, and interdependence within a global economy. E.2 Students will understand the impact of economic decision-making. This includes considering the marginal costs and benefits of alternatives. E.3 Students will understand the exchange of goods and services. This includes different allocation methods and changes in supply and demand; the role of producers, consumers, and government in a market economy; and the degree of competition among buyers and sellers in markets. E.4 Students will understand the growth, stability, and interdependence within a national economy. This includes the current and future state of the economy using economic indicators and monetary and fiscal policies for a variety of economic conditions. E.5 Students will understand the growth, stability, and interdependence within a global economy. This includes ways in which trade leads to increased economic interdependence. E.6 Students will understand the factors affecting income, wealth, and financial risk. This includes the role of credit in personal finance.
G.1 Students will understand the purpose of geographic tools (e.g., maps, globes, charts, graphs) to understand, analyze, and explain human interaction with each other and with the environment. This includes the spatial characteristics and patterns of human settlement and connections between global regions. G.2 Students will understand the purpose of geographic tools (e.g., maps, globes, charts, graphs) to interpret spatial information. This includes spatial organization of people, cultures, places, and environments within various regions and geographic skills to interpret the past, present, and plan for the future. G.3 Students will understand the characteristics of different physical and cultural regions and how they change over time (through demographic changes, migration, settlement, and conflict). This includes the impact physical geography has on human systems, including politics, culture, economics, and use of resources and how a region or culture interacts with itself, the environment, and other regions and cultures. G.4 Students will understand the impact humans have on the environment. This includes the distribution, management, and consumption of resources. G.5 Students will understand the impact Indigenous peoples have on the environment. This includes the communal view of how Indigenous peoples utilized the land and resources; and the characteristics of the original Indigenous peoples of Arkansas by analyzing artifacts, artwork, and other sources.
H.1 Students will understand chronology, patterns of continuity, and change over time. This includes the contextualization of historical events and ways people gather, view, construct, and interpret historical evidence. H.2 Students will understand key historical periods from the beginning of civilization (World Era 1) through 1500 C.E. (World Era 5). This includes the patterns of social, economic, and political change over time and the ways people view, construct, and interpret the history of nations and cultures of the world. H.3 Students will understand key historical periods from the United States' Beginnings (Era 1) through 1850 (Era 4). This includes the patterns of social, economic, and political change over time and the ways people view, construct, and interpret the history of the United States. H.4 Students will understand key historical periods from Civil War and Reconstruction (Era 5) to the Emergence of Modern America, 1890-1930 (Era 7). This includes the patterns of social, economic, and political change over time and the ways people view, construct, and interpret the history of the United States. H.5 Students will understand key historical periods from the Great Depression and World War II, 1929-1945 (Era 8), to the Contemporary United States, 1968 to Present (Era 10). This includes the patterns of social, economic, and political change over time and the ways people view, construct, and interpret the history of the United States. H.6 Students will understand key historical periods from the Emergence of the First Global Age, 1450-1770 (World Era 6), to the Twentieth Century Since 1945 (World Era 9). This includes the patterns of social, economic, and political change over time and the ways people view, construct, and interpret the history of nations and cultures of the world.
History
H.6 Students will understand key historical periods from the Emergence of the First Global Age, 1450-1770 (World Era 6), to the Twentieth Century Since 1945 (World Era 9). This includes the patterns of social, economic, and political change over time and the ways people view, construct, and interpret the history of nations and cultures of the world.
World History since 1450 (World Era 6 through World Era 9)
World Era 6: 1450-1770
● Pre-Colonial Period - origins of and changes in African American culture (Pre-Colonial-1775) (WE6)
History
H.3 Students will understand key historical periods from the United States' Beginnings (Era 1) through 1850 (Era 4). This includes the patterns of social, economic, and political change over time and the ways people view, construct, and interpret the history of the United States.
United States Beginnings through 1850 (Era 1 through Era 4)
Era 3: 1754 through the 1820s
● Revolutionary Era - Roles and contributions made by people of African descent (1775-1820) (E3)
History
H.4 Students will understand key historical periods from Civil War and Reconstruction, 1850-1877 (Era 5), to the Emergence of Modern America, 1890-1930 (Era 7). This includes the patterns of social, economic, and political change over time and the ways people view, construct, and interpret the history of the United States.
United States History 1850-1930 (Era 5 through Era 7)
Era 5: 1850-1877
● A Country Divided - Development of the northern, western, and southern regions of the United States and the effects on African American men and women (1820-1877) (E5)
Era 6: 1870-1900
● Hardening of Jim Crow - the African American experience in the post-Reconstruction Era (1877-1920) (E6)
History
H.5 Students will understand key historical periods from The Great Depression and World War II, 1929-1945 (Era 8), to the Contemporary United States, 1968 to Present (Era 10). This includes the patterns of social, economic, and political change over time and the ways people view, construct, and interpret the history of the United States.
United States History 1929-Present (Era 8 though Era 10)
Era 8: 1929-1940
● Seeds of Change - African American experience (1920-1950) (E8)
Era 9: 1941-1967
● Illusion of Equality - African American experience (1950-1970) (E9)
Era 10: 1968 to Present
● A Job Unfinished - the progress and challenges of African Americans in the post-Civil Rights Era (1970-Present) (E10)
History - World History since 1450 (World Era 6 through World Era 9)
H.6 Students will understand key historical periods from the Emergence of the First Global Age, 1450-1770 (World Era 6), to the Twentieth Century Since 1945 (World Era 9). This includes the patterns of social, economic, and political change over time and the ways people view, construct, and interpret the history of nations and cultures of the world.
World Era 6: 1450-1770, Pre-Colonial Period - origins of and changes in African American culture (Pre-Colonial-1775)
World Era 6
H.6.AAH.1 Analyze ancient West African civilizations and leaders through culture, politics, economics, and trade, including the Ghana Empire, Mali Empire (Mansa Musa), Kingdom of Benin (King Ewuare), and Songhai Empire (Askia the Great).
H.6.AAH.2 Analyze social, economic, and political effects of the transition from indentured servitude to enslaved labor on African Americans.
H.6.AAH.3 Analyze the process, course, and conditions of involuntary migration patterns from Africa to the Americas, including internal African and American trafficking, and its impact on African Americans.
H.6.AAH.4 Compare the influence of ancient West African cultures to African American culture, including language, religion, music, art, and food.
History - United States Beginnings through the 1820s (Era 1 through Era 3)
H.3 Students will understand key historical periods from the United States' Beginnings (Era 1) through 1850 (Era 4). This includes the patterns of social, economic, and political change over time and the ways people view, construct, and interpret the history of the United States.
Era 3: 1754 through the 1820s, Revolutionary Era - Roles and contributions made by people of African descent (1775-1820)
H.3.AAH.1 Analyze social, economic, and political involvement of African American men and women in the Revolutionary Era.
H.3.AAH.2 Investigate the effects of revolutionary ideologies, including Enlightenment thinking and Great Awakening theology, on social and political perspectives of African Americans, including natural law, natural rights, and equality.
H.3.AAH.3 Evaluate social, economic, and political roles of African American men and women during the expansion of the early United States.
History - United States History 1800-1900 (Era 4 through Era 6)
H.4 Students will understand key historical periods from Expansion and Reform, 1801-1861 (Era 4), to the Development of the Industrial United States, 1870-1900 (Era 6). This includes the patterns of social, economic, and political change over time and the ways people view, construct, and interpret the history of the United States.
Era 4: 180-1861, Expansion and Reform - The growth and expansion of the United States and its impact on the African American experience in northern, southern, and western regions. Era 5: 1850-1877, A Country Divided - Development of the northern, western, and southern regions of the United States and the effects on African American men and women (1820-1877) Era 6: 1870-1900, Hardening of Jim Crow - the African American experience in the post-Reconstruction Era (1877-1920)
Eras 4 & 5
H.4.AAH.1 Compare the effects of economic developments in multiple regions of the United States on African American men and women between 1820 and 1877:
● Invention of cotton gin ● Use of steamboat for transportation ● “King Cotton” economy of southern states
H.4.AAH.2 Examine various perspectives toward the political rights of African American men and women between 1820 and 1877 throughout different regions of the United States, including discrimination and segregation, “separate but equal,” the Back-to-Africa movement, and full equality.
H.4.AAH.3 Analyze the responses of free and enslaved African American men and women to social, economic, and political conditions in different regions between 1820 and 1877.
H.4.AAH.4 Identify the contributions and changing roles of African Americans during the Civil War as soldiers, spies, and regiments, and the impact of the Emancipation Proclamation.
H.4.AAH.5 Analyze various experiences and responses to challenges of African American men and women from post-Reconstruction through the Jim Crow time period and early 20th century:
● Art and entertainment: (e.g., Harlem Renaissance) ● Education: (e.g., rising literacy rates, establishment of historically black colleges and universities, Booker T. Washington, W.E.B. Du Bois, Joseph Albert Booker) ● Entrepreneurship: (e.g., Samuel T. Wilcox, Robert Gordon, Annie Malone, Frederick and Charles Patterson, Maggie Lena Walker, Madam C. J. Walker) ● Religion: (e.g., growth of African Methodist Episcopal denomination [AME] and establishment of National Baptist Convention) ● Political organizations and affiliations ● Segregation and discrimination: (e.g., Jim Crow laws, Plessy vs. Ferguson, “sundown towns,” lynchings)
H.4.AAH.6 Analyze the 13th, 14th, and 15th Amendments to the U.S. Constitution and the effects on African American men and women between 1877 and 1920
History - U.S. History Since 1890 (Era 7 through Era 10)
H.5 Students will understand key historical periods from the Emergence of Modern America, 1890-1930 (Era 7), to the Contemporary United States, 1968 to Present (Era 10). This includes the patterns of social, economic, and political change over time and the ways people view, construct, and interpret the history of the United States.
Era 8: 1929-1945, Seeds of Change - African American experience (1920-1950) Era 9: 1945 to Early 1970s, Illusion of Equality - African American experience (1950-1970) Era 10: 1968 to Present, A Job Unfinished - the progress and challenges of African Americans in the post-Civil Rights Era (1970-Present)
H.5.AAH.1 Analyze change and continuity in the African American cultural identity, including the role of the Harlem Renaissance, in the area of art, music, film, literature, and dance.
H.5.AAH.2 Analyze the effects of the Great Depression and New Deal on the social and economic status of African American men and women in various geographic regions.
H.5.AAH.3 Analyze social, economic, and political actions and achievements of African Americans in the early 20th century:
● Great Migration ● Military desegregation ● Growth of civil rights organizations (e.g., National Association for the Advancement of Colored People [NAACP]) ● Other social, political, and labor organizations (e.g., Southern Tenant Farmers Union)
H.5.AAH.4 Analyze the influence of key African Americans on political and social change since 1950 using primary and secondary sources:
● Civil rights leaders: (e.g., Malcolm X, Martin Luther King, Jr., Coretta Scott King, A. Philip Randolph, Rosa Parks, Daisy Bates, John Lewis) ● Political leaders: (e.g., Thurgood Marshall, Shirley Chisholm, Patricia Harris, Condelezza Rice, Barack Obama, Kamala Harris, Clarence Thomas, Ketanji Brown Jackson) ● Military and science leaders: (e.g., Marcelite Harris, Katherine Johnson, Colin Powell, William E. Ward, Lloyd Austin) ● Education and thought leaders: (e.g., Langston Hughes, Thomas Sowell, Zora Neale Hurston)
H.5.AAH.5 Examine various ways African Americans participated in the Civil Rights Movement and the effects of their actions:
● Boycotts: (e.g., Montgomery bus boycott, Mississippi Freedom Summer) ● Marches: (e.g., Birmingham, Selma, March on Washington) ● Music: (e.g., ""People Get Ready,"" ""We Shall Overcome,"" ""Freedom Highway,"" ""Say It Loud - I'm Black and I'm Proud,"" ""A Change is Gonna Come"") ● Sit-ins: (e.g. Greensboro, Nashville, University of Chicago, Baltimore) ● Speeches: (e.g., ""Letter from a Birmingham Jail,"" ""I have a Dream,"" Fannie Lou Hamer's Testimony, Kwame Ture on ""Black Power,"" Ella Jo Baker on the struggle for Civil Rights)
H.5.AAH.6 Analyze the effects of legislative developments in Congress and state governments on the African American experience between 1950-1970 in the areas of voting, civil rights, affirmative action, fair housing, education, employment, and commerce.
H.5.AAH.8 Analyze the impact and achievements of African Americans on the arts, sports, medicine, business, entertainment industry, news media, and technology.
H.5.AAH.9 Identify unresolved social, economic, and political challenges for African American men and women from 1970 to the present.
H.5.AAH.10 Identify new social, economic, and political opportunities for African Americans.","Course Focus and Content African American History examines the contributions African Americans have made to the history of the United States. This course is designed to assist students in understanding issues and events from multiple perspectives. This course develops an understanding of the historical roots of African American culture, especially as it pertains to social, economic, and political interactions within the broader context of United States history. It requires an analysis of important ideas, social and cultural values, beliefs, and traditions. Knowledge of past achievements provides citizens of the 21st century with a broader context within which to address the many issues facing the United States.
This may include:
● Crispus Attucks ● Benjamin Banneker ● Phyllis Wheatley ● Elizabeth “Mum Bett” Freeman ● Samuel Poor ● Peter Salem ● James Armistead ● First Rhode Island Regiment ● Lord Dunmore's 1775 Proclamation ● John Laurens advocating for black soldiers
This may include:
● Benjamin Banneker, District of Columbia surveyor, planner, astronomer, and naturalist ● James Derham, first to practice medicine formerly ● Jupiter Hamon, considered the founder of African-American literature ● Absalom Jones, early abolitionist and first ordained priest in Episcopal Church ● Alexander Twilight, first to earn bachelor's degree and first state-elected official in Vermont
Responses may include:
● Resistance and escape: (e.g., Underground Railroad, Harriet Tubman, Robert Smalls, West Bogan) ● Rebellions and uprisings: (e.g., Nat Turner, Gabriel Prosser) ● Calls for abolition and equality: (e.g., Frederick Douglass, Frances Harper, Ida B. Wells) ● Court cases: (e.g., Dred Scott, Homer Plessy) ● Back-to-Africa movement (e.g., Paul Cuffe, Martin Delany) ● Political involvement and representation (e.g., Alexander Twilight, Hiram Rhodes Revels, Joseph Rainey)
This may include increased participation and representation in politics, business, education, medicine, and the arts.","Social Studies Academic Standards
Revised 2022
Course/Unit Credit: 0.5 Course Number: 474700 Teacher Licensure: Please refer to the Course Code Management System (https://adedata.arkansas.gov/ccms/) for the most current licensure codes. Grades: 9-12 Prerequisites:
None
Integrating Standards and Selecting Content Topics The disciplinary strands, standards, components, and the Knowledge and Skill Performance Expectations (KPEs and SPEs) are meant to be taught in an integrated manner, not in isolation. For example, a student might be studying an historical event or person while also learning specific civics, economics, geography, and/or history standards. The KPEs and SPEs require conceptual understanding which can be applied to future learning and additional content that may not be listed in the standards. The goal of knowledge acquisition in K-12 is for students to build knowledge and have experiences with content topics connected to their communities, the state of Arkansas, the United States, and the world. A thematic continuum of learning is provided to clarify (Figure 1) the expansion of learning from community to state to the world.
Figure 1
Related Laws for Social Studies A.C.A. § 1-5-109. Prisoners of War Remembrance Day. A.C.A. § 1-5-112. POW/MIA Recognition Day. A.C.A. § 1-5-113. Native American Heritage Week. A.C.A. § 1-5-114. Juneteenth Independence Day. A.C.A. § 1-5-119. Sultana Disaster Remembrance Day. A.C.A. § 6-16-101. Celebrate Freedom Week. A.C.A. § 6-16-105. United States Flag. A.C.A. § 6-16-106. Arkansas Flag. A.C.A. § 6-16-107. Patriotic Observances Generally. A.C.A. § 6-16-108. Recitation of the Pledge of Allegiance. A.C.A. § 6-16-111. Morals, Manners, Patriotism, and Business and Professional Integrity. A.C.A. § 6-16-121. African-American History – Teaching materials. A.C.A. § 6-16-122. American Heritage. A.C.A. § 6-16-148. Foundation of certain social studies or history courses offered in grades seven through twelve. A.C.A. § 6-16-154. Holocaust Education. A.C.A. § 6-16-124. Arkansas History – Required Social Studies Course. A.C.A. § 6-17-703. Arkansas History Professional Development. Teacher Note: Not all state statutes apply to the current grade level content.
Skills and Application Throughout the course, students will develop and apply disciplinary literacy skills: reading, writing, speaking, and listening. As students seek answers to compelling and supporting questions, they will examine a variety of primary and secondary sources and communicate responses in multiple ways, including oral, visual, and written forms. Students must be able to select and evaluate sources of information, draw and build upon ideas, explore issues, examine data, and analyze events from the full range of human experience to develop critical thinking skills essential for productive citizens. African American History does not need Arkansas Department of Education approval. These standards do not meet the Grades 7-12 Arkansas History requirement as defined in Act 787 of 1997. Refer to the Arkansas History Academic Standards written for the course in Grades 7-8 or the Arkansas History Curriculum Framework for the course in Grades 9-12 to fulfill the one-semester Arkansas History requirement as defined in Act 787 of 1997.
Primary and Secondary Sources and Disciplinary Literacy Standards The Disciplinary Literacy Standards for History/Social Studies guide students with the specific skills they need to engage with all social studies content. These reading and writing skills are separated by grade bands and include the use of primary and secondary sources, analysis of content from a variety of perspectives, and assessment of the credibility and accuracy of sources. Teachers should access the Disciplinary Literacy Standards Resource for History/Social Studies document through the Division of Elementary and Secondary Education website.
The College, Career, and Civic Life C3 Framework for Social Studies State Standards The acquisition of content knowledge and skills is paramount in a robust social studies program rooted in inquiry. The chart below summarizes social studies practices in four Dimensions.
● Dimensions 1, 3, and 4 of the College, Career, and Civic Life C3 Framework for Social Studies State Standards. These practices should be addressed throughout Grades K-12, building as students acquire the skills. ● Dimension 2 Applying Disciplinary Concepts and Tools sets forth the conceptual content, and the alignment to this dimension is embedded in the KPEs and SPEs.
Dimension 21 Applying Disciplinary Concepts and Tools
Civics
Economics
Geography
History
Social Sciences
● Civic and Political Institutions ● Participation and Deliberation ● Processes, Rules, and Laws
● Economic Decision-Making ● Exchange and Markets ● Growth and Stability ● The National Economy ● The Global Economy
● Geographic Representations: Spatial Views of the World ● Human-Environment Interaction: Place, Regions, and Culture ● Human Populations: Spatial Patterns and Movements ● Global Interconnections: Global Spatial Patterns
● Change, Continuity, and Context ● Perspectives ● Historical Sources and Evidence ● Causation and Argumentation
● Psychology ● Sociology
1 Organizational structure of the Social Studies Academic Standards is based on disciplinary strands in the C3 Framework.
Disciplinary Standards At a Glance
Disciplinary Strand
Disciplinary Standard
Disciplinary Component
● Grade or Course Specific Components
Disciplinary Note
The major work of the African American History course includes the disciplinary strands of Civics, Economics, Geography, and History. Each disciplinary strand is meant to be taught in an integrated manner, not in isolation. Teacher Note: Concepts of the Civics, Economic, and Geography strands are implicitly addressed in the embedded KPEs and SPEs.
Civics
Economics
Geography
●Civic and Political Institutions ●Participation and Deliberation ●Processes, Rules, and Laws
●Economic Decision-Making ●Exchange and Markets ●Growth and Stability ●The National Economy ●The Global Economy
●Geographic Representations: Spatial Views of the World ●Human-Environment Interaction: Place, Regions, and Culture ●Human Populations: Spatial Patterns and Movements ●Global Interconnections: Global Spatial Patterns",AR_African_American_History_Standards_2022_LS.pdf,"AR_African_American_History_Standards_2022_LS.pdf: H.5.AAH.7 is absent (numbering jumps from 6 to 8) at u173-u175.
AR_African_American_History_Standards_2022_LS.pdf: u134 and u157 era lists are context lines for the KPEs; labeled standards with the component headings.
AR_African_American_History_Standards_2022_LS.pdf: K-12 overview and C3 skills labeled course null grades 9-12 (shared HS content)."
AR_09-12_Civics,AR,"[9,10,11,12]",Civics,Civics,"Dimension 1
Dimension 3
Dimension 4
Developing Questions and Planning Inquiries
Evaluating Sources and Using Evidence
Communicating Conclusions and Taking
Informed Action
1. Construct compelling questions that promote inquiry around key ideas and issues 2. Develop supporting questions that contribute to inquiry: identifying facts, concepts, and interpretations 3. Answer compelling and supporting questions using appropriate and available sources that consider multiple points of view
4. Gather relevant information from multiple perspectives and a variety of sources; evaluate the credibility of the source by determining its relevance and intended use 5. Use evidence from multiple sources to answer compelling and supporting questions by developing arguments with claims, counterclaims, and explanations
6. Construct arguments and explanations that convey ideas and perspectives to appropriate audiences using print, oral, and digital technologies 7. Critique the credibility, relevance, and use of evidence in arguments and explanations proposed by self and others 8. Use disciplinary lenses within the social sciences to understand local, regional, and global problems, propose solutions, or assess strategies and options for action while applying deliberative processes
K-12 Disciplinary Standards Overview
Civics
Economics
Geography
History
C.1 Students will understand the impact of origins, structures, and functions of institutions and laws on society and citizens. This includes personal civic rights, roles, responsibilities, and processes by which laws are made and amended. C.2 Students will understand the structure and functions of various types of government and how they exercise their powers. C.3 Students will understand the role of citizens in society, the ways the government protects the rights of citizens, the electoral process, and the role of political parties. C.4 Students will understand the process of making and changing laws and the ways institutions work together in carrying out the laws. C.5 Students will understand the impact of origins, structures, and functions of institutions and laws on society and Indigenous peoples. This includes the relationship of the Native nations and the United States during various time periods. C.6 Students will understand the structure and functions of various types of tribal government and how they exercise their powers. This includes the progress and challenges of present-day Native America.
E.1 Students will understand the impact of economic decision-making. This includes the exchange of goods and services; role of producers, consumers, and government in the marketplace; and growth, stability, and interdependence within a global economy. E.2 Students will understand the impact of economic decision-making. This includes considering the marginal costs and benefits of alternatives. E.3 Students will understand the exchange of goods and services. This includes different allocation methods and changes in supply and demand; the role of producers, consumers, and government in a market economy; and the degree of competition among buyers and sellers in markets. E.4 Students will understand the growth, stability, and interdependence within a national economy. This includes the current and future state of the economy using economic indicators and monetary and fiscal policies for a variety of economic conditions. E.5 Students will understand the growth, stability, and interdependence within a global economy. This includes ways in which trade leads to increased economic interdependence. E.6 Students will understand the factors affecting income, wealth, and financial risk. This includes the role of credit in personal finance.
G.1 Students will understand the purpose of geographic tools (e.g., maps, globes, charts, graphs) to understand, analyze, and explain human interaction with each other and with the environment. This includes the spatial characteristics and patterns of human settlement and connections between global regions. G.2 Students will understand the purpose of geographic tools (e.g., maps, globes, charts, graphs) to interpret spatial information. This includes spatial organization of people, cultures, places, and environments within various regions and geographic skills to interpret the past, present, and plan for the future. G.3 Students will understand the characteristics of different physical and cultural regions and how they change over time (through demographic changes, migration, settlement, and conflict). This includes the impact physical geography has on human systems, including politics, culture, economics, and use of resources and how a region or culture interacts with itself, the environment, and other regions and cultures. G.4 Students will understand the impact humans have on the environment. This includes the distribution, management, and consumption of resources. G.5 Students will understand the impact Indigenous peoples have on the environment. This includes the communal view of how Indigenous peoples utilized the land and resources; and the characteristics of the original Indigenous peoples of Arkansas by analyzing artifacts, artwork, and other sources.
H.1 Students will understand chronology, patterns of continuity, and change over time. This includes the contextualization of historical events and ways people gather, view, construct, and interpret historical evidence. H.2 Students will understand key historical periods from the beginning of civilization (World Era 1) through 1500 C.E. (World Era 5). This includes the patterns of social, economic, and political change over time and the ways people view, construct, and interpret the history of nations and cultures of the world. H.3 Students will understand key historical periods from the United States' Beginnings (Era 1) through 1850 (Era 4). This includes the patterns of social, economic, and political change over time and the ways people view, construct, and interpret the history of the United States. H.4 Students will understand key historical periods from Civil War and Reconstruction (Era 5) to the Emergence of Modern America, 1890-1930 (Era 7). This includes the patterns of social, economic, and political change over time and the ways people view, construct, and interpret the history of the United States. H.5 Students will understand key historical periods from the Great Depression and World War II, 1929-1945 (Era 8), to the Contemporary United States, 1968 to Present (Era 10). This includes the patterns of social, economic, and political change over time and the ways people view, construct, and interpret the history of the United States. H.6 Students will understand key historical periods from the Emergence of the First Global Age, 1450-1770 (World Era 6), to the Twentieth Century Since 1945 (World Era 9). This includes the patterns of social, economic, and political change over time and the ways people view, construct, and interpret the history of nations and cultures of the world.
Civics
C.2 Students will understand the structure and functions of various types of government and how they exercise their powers.
Civic and Political Institutions
● Every day government ● Ideologies of various governments
Civics
C.3 Students will understand the role of citizens in society, the ways the government protects the rights of citizens, the electoral process, and the role of political parties.
Participation and Deliberation
● Citizenship ● Foundations for the U.S. Constitution ● Civil rights and special topics ● The election process, gerrymandering, and fair representation
Civics
C.4 Students will understand the process of making and changing laws and the ways institutions work together in carrying out the laws.
Processes, Rules, and Laws
● Public policy ● Creating and changing laws ● Rights and freedoms
C.2 Students will understand the structure and functions of various types of government and how they exercise their powers.
Civic and Political Institutions
C.2.CIV.1 Demonstrate proper etiquette for interacting with the Arkansas and American flags and analyze the free speech rights of citizens regarding the use of the flag (e.g., West Virginia vs. Barnette, Texas vs. Johnson).
C.2.CIV.2 Analyze the establishment and purposes of government and relate it to everyday life experiences including law enforcement, public schools, and city planning.
C.2.CIV.3 Compare the ideologies of various forms of government and ways they have changed over time:
● Anarchy ● Autocracy ● Direct democracy ● Monarchy ● Oligarchy ● Representative democracy ● Theocracy
C.2.CIV.4 Analyze the rationale for the structure of the U.S. Constitution using the Federalist Papers and other primary and secondary sources.
C.2.CIV.5 Analyze the purpose, organization, powers, and function of the legislative branch of government, including the legislative process and the role of the Senate in giving states equal representation, using Article I of the Constitution and other primary and secondary sources.
C.2.CIV.6 Analyze the purpose, organization, powers, and function of the executive branch of government, including the electoral college process, duties of the President, and supporting executive branch agencies using Article II of the Constitution and other primary and secondary sources
C.2.CIV.7 Analyze the purpose, organization, powers, and function of the judicial branch of government, including judicial review and the origin and duties of the court system and Supreme Court, as outlined by Article III of the Constitution, Marbury vs. Madison, and other primary and secondary sources.
C.2 Students will understand the structure and functions of various types of government and how they exercise their powers.
Civic and Political Institutions
C.2.CIV.8 Differentiate among delegated, implied (i.e., Necessary and Proper Clause), concurrent, and reserved powers (i.e., Tenth Amendment).
C.2.CIV.9 Analyze the reasons for checks and balances, separation of powers, and federalism within the Constitution to limit government power and protect individual liberty.
C.2.CIV.10 Examine ways the powers, responsibilities, and limits of the federal government have changed over time and are still contested.
C.3 Students will understand the role of citizens in society, the ways the government protects the rights of citizens, the electoral process, and the role of political parties.
Participation and Deliberation
C.3.CIV.1 Evaluate rights and responsibilities of citizens in the United States using the Bill of Rights and various Supreme Court decisions.
● Free exercise of religion (Kennedy vs. Bremerton School District) ● Freedom of speech (Brandenburg vs. Ohio) ● Freedom of press (New York Times vs. United States) ● Freedom of assembly (Bates vs. Little Rock)
C.3.CIV.2 Compare the roles of citizen and non-citizen residents in the United States, including the protections of and limits on immigrant rights (e.g., Plyler vs. Doe, Nielsen vs. Preap).
C.3.CIV.3 Construct explanations of the ways citizenship in the United States has changed over time and been affected by public policy, geographic location, state and federal law, and demographics.
C.3.CIV.4 Analyze the requirements to be a U.S. citizen, including naturalization and the different routes non-citizens can take to become citizens.
C.3.CIV.5 Discuss the history, purpose, and methods of the U.S. Census.
C.3.CIV.6 Analyze historical documents and events that set the ideological foundations for the U.S. Constitution:
● Magna Carta ● Mayflower Compact ● English Bill of Rights of 1689 ● Declaration of Independence ● Articles of Confederation ● Constitutional Convention
C.3 Students will understand the role of citizens in society, the ways the government protects the rights of citizens, the electoral process, and the role of political parties.
Participation and Deliberation
C.3.CIV.7 Evaluate the ideological influences the Enlightenment had on the framers of the U.S. Constitution:
● John Locke ● Jean-Jacques Rousseau ● Charles-Louis Montesquieu
C.3.CIV.8 Examine the amendments to the U.S. Constitution in order to determine how the roles of citizens and the federal and state governments have changed over time:
● Bill of Rights ● Incorporation of states’ rights into government ● Due process ● Citizenship and equal protection (14th Amendment) ● Voting rights (e.g., 15th Amendment, 19th Amendment, 24th Amendment, 26th Amendment)
C.3.CIV.9 Analyze the protections of and limits on the rights of citizens of the United States when outside the borders of the United States.
C.3.CIV.10 Assess the effects of civil rights legislation in the United States:
● Civil Rights Act of 1964 and 1968 ● Voting Rights Act of 1965 ● Immigration Act of 1965 ● Individuals with Disabilities Education Act of 1975 ● Americans with Disabilities Act of 1990 ● Indian Child Welfare Act ● Tribal Self-Governance Act ● Equal Pay Act of 1963 ● Title IX
C.3.CIV.11 Evaluate Arkansas laws and their impact on students:
● Bullying ● Local ordinances ● Penalties for juvenile activity ● Penalties for truancy ● Requirements for obtaining and grounds for revocation of a driver’s license
C.3 Students will understand the role of citizens in society, the ways the government protects the rights of citizens, the electoral process, and the role of political parties.
Participation and Deliberation
C.3.CIV.12 Critique the roles of political parties in the election process.
C.3.CIV.13 Analyze the election process in federal, state, and local governments including voter registration, primary elections, and general elections.
C.3.CIV.14 Evaluate various influences on political parties during the electoral process, such as interest groups, lobbyists, Political Action Committees (PACs), and major events.
C.3.CIV.15 Assess the influence of media on the electoral process, including candidate debates, news reporting and analysis, political cartoons, public opinion polls, propaganda techniques, and social media.
C.3.CIV.16 Analyze the process and impact of redistricting on election statistics and voting patterns, including the state legislature’s role (Article I, Section 4), the history of gerrymandering across states, and modern reforms to redistricting.
C.4 Students will understand the process of making and changing laws and the ways institutions work together in carrying out the laws.
Processes, Rules, and Laws
C.4.CIV.1 Investigate various methods for creating federal, state, and local laws, including the legislative process, ballot initiatives, and referendums.
C.4.CIV.2 Compare methods of amending the U.S. Constitution, including the role of Congress, state legislatures, and convention of the states (i.e., Article V).
C.4.CIV.3 Analyze the role the U.S. Supreme Court has on the law-making process.
C.4.CIV.4 Identify intended and unintended consequences of public policies.
C.4.CIV.5 Analyze cooperation and conflict among federal, state, and local governments when carrying out public policy (e.g., elections/voting, law enforcement, education, housing).
C.4.CIV.6 Distinguish between criminal law and civil law as it pertains to both adults and juveniles.","Course Focus and Content In Grades K-8, students receive a strong foundation in civics and government. The focus of Civics is the application of civic virtues and democratic principles and investigation of problem-solving in society. This course provides a study of the structure and functions of federal, state, and local government. Civics also examines constitutional principles, the concepts of rights and responsibilities, the role of political parties and interest groups, and the importance of civic participation in the democratic process.
Teacher Note: Specific Federalist Papers to consider may be numbers 9, 10, 39, and 51
Teacher Note: Other significant rights may include:
● Rights of students (Tinker vs. Des Moines) ● Right against self-incrimination (Miranda vs. Arizona) ● Right against unreasonable search or seizure (Katz vs. United States) ● Presumption of innocence (Coffin vs. United States) ● 14th Amendment (Gitlow vs. New York)
When addressing responsibilities, key topics may include:
● Obeying the law ● Respecting rights of others ● Paying taxes ● Staying informed ● Military service ● Serving as juror ● Voting
Teacher Note: Public policies may include:
● Transportation Security Administration travel policies ● Environmental protection policies ● Public health policies","Social Studies Academic Standards
Revised 2022
Course/Unit Credit: 0.5 Course Number: 472000 Teacher Licensure: Please refer to the Course Code Management System (https://adedata.arkansas.gov/ccms/) for the most current licensure codes. Grades: 9-12 Prerequisites:
None
Integrating Standards and Selecting Content Topics The disciplinary strands, standards, components, and the Knowledge and Skill Performance Expectations (KPEs and SPEs) are meant to be taught in an integrated manner, not in isolation. For example, a student might be studying an historical event or person while also learning specific civics, economics, geography, and/or history standards. The KPEs and SPEs require conceptual understanding which can be applied to future learning and additional content that may not be listed in the standards. The goal of knowledge acquisition in K-12 is for students to build knowledge and have experiences with content topics connected to their communities, the state of Arkansas, the United States, and the world. A thematic continuum of learning is provided to clarify (Figure 1) the expansion of learning from community to state to the world.
Figure 1
Related Laws for Social Studies A.C.A. § 1-5-109. Prisoners of War Remembrance Day. A.C.A. § 1-5-112. POW/MIA Recognition Day. A.C.A. § 1-5-113. Native American Heritage Week. A.C.A. § 1-5-114. Juneteenth Independence Day. A.C.A. § 1-5-119. Sultana Disaster Remembrance Day. A.C.A. § 6-16-101. Celebrate Freedom Week. A.C.A. § 6-16-105. United States Flag. A.C.A. § 6-16-106. Arkansas Flag. A.C.A. § 6-16-107. Patriotic Observances Generally. A.C.A. § 6-16-108. Recitation of the Pledge of Allegiance. A.C.A. § 6-16-111. Morals, Manners, Patriotism, and Business and Professional Integrity. A.C.A. § 6-16-121. African-American History – Teaching materials. A.C.A. § 6-16-122. American Heritage. A.C.A. § 6-16-148. Foundation of certain social studies or history courses offered in grades seven through twelve. A.C.A. § 6-16-154. Holocaust Education. A.C.A. § 6-16-124. Arkansas History – Required Social Studies Course. A.C.A. § 6-17-703. Arkansas History Professional Development. Teacher Note: Not all state statutes apply to the current grade level content.
Skills and Application Throughout the course, students will develop and apply disciplinary literacy skills: reading, writing, speaking, and listening. As students seek answers to compelling and supporting questions, they will examine a variety of primary and secondary sources and communicate responses in multiple ways, including oral, visual, and written forms. Students must be able to select and evaluate sources of information, draw and build upon ideas, explore issues, examine data, and analyze events from the full range of human experience to develop critical thinking skills essential for productive citizens. Civics is required by the Standards for Accreditation. These standards do not meet the Grades 7-12 Arkansas History requirement as defined in Act 787 of 1997. Refer to the Arkansas History Academic Standards written for the course in Grades 7-8 or the Arkansas History Curriculum Framework for the course in Grades 9-12 to fulfill the one-semester Arkansas History requirement as defined in Act 787 of 1997.
Primary and Secondary Sources and Disciplinary Literacy Standards The Disciplinary Literacy Standards for History/Social Studies guide students with the specific skills they need to engage with all social studies content. These reading and writing skills are separated by grade bands and include the use of primary and secondary sources, analysis of content from a variety of perspectives, and assessment of the credibility and accuracy of sources. Teachers should access the Disciplinary Literacy Standards Resource for History/Social Studies document through the Division of Elementary and Secondary Education website.
The College, Career, and Civic Life C3 Framework for Social Studies State Standards The acquisition of content knowledge and skills is paramount in a robust social studies program rooted in inquiry. The chart below summarizes social studies practices in four Dimensions.
● Dimensions 1, 3, and 4 of the College, Career, and Civic Life C3 Framework for Social Studies State Standards. These practices should be addressed throughout Grades K-12, building as students acquire the skills. ● Dimension 2 Applying Disciplinary Concepts and Tools sets forth the conceptual content, and the alignment to this dimension is embedded in the KPEs and SPEs.
Dimension 21 Applying Disciplinary Concepts and Tools
Civics
Economics
Geography
History
Social Sciences
● Civic and Political Institutions ● Participation and Deliberation ● Processes, Rules, and Laws
● Economic Decision-Making ● Exchange and Markets ● Growth and Stability ● The National Economy ● The Global Economy
● Geographic Representations: Spatial Views of the World ● Human-Environment Interaction: Place, Regions, and Culture ● Human Populations: Spatial Patterns and Movements ● Global Interconnections: Global Spatial Patterns
● Change, Continuity, and Context ● Perspectives ● Historical Sources and Evidence ● Causation and Argumentation
● Psychology ● Sociology
1 Organizational structure of the Social Studies Academic Standards is based on disciplinary strands in the C3 Framework.
Disciplinary Standards At a Glance
Disciplinary Strand
Disciplinary Standard
Disciplinary Component
● Grade or Course Specific Components
Disciplinary Note
The major work of the Civics course includes the disciplinary strands of Civics, Economics, Geography, and History. Each disciplinary strand is meant to be taught in an integrated manner, not in isolation. Teacher Note: Concepts of the Economics, Geography, and History strands are implicitly addressed in the embedded KPEs and SPEs.
Economics
Geography
History
● Economic Decision-Making ● Exchange and Markets ● Growth and Stability ● The National Economy ● The Global Economy
●Geographic Representations: Spatial Views of the World ●Human-Environment Interaction: Place, Regions, and Culture ●Human Populations: Spatial Patterns and Movements ●Global Interconnections: Global Spatial Patterns
●Change, Continuity, and Context ●Perspectives ●Historical Sources and Evidence ●Causation and Argumentation",AR_Civics_Standards_2022_LS.pdf,"AR_Civics_Standards_2022_LS.pdf: Bullet lists after a KPE (e.g. u105, u135, u150, u162, u164, u167, u174) are treated as part of the standard text; Teacher Note lists as examples.
AR_Civics_Standards_2022_LS.pdf: K-12 overview and C3 skills labeled course null grades 9-12 (shared HS content)."
AR_09-12_EconomicsWithPersonalFinance,AR,"[9,10,11,12]",Economics with Personal Finance,Economics with Personal Finance,"Dimension 1
Dimension 3
Dimension 4
Developing Questions and Planning Inquiries
Evaluating Sources and Using Evidence
Communicating Conclusions and Taking
Informed Action
1. Construct compelling questions that promote inquiry around key ideas and issues 2. Develop supporting questions that contribute to inquiry: identifying facts, concepts, and interpretations 3. Answer compelling and supporting questions using appropriate and available sources that consider multiple points of view
4. Gather relevant information from multiple perspectives and a variety of sources; evaluate the credibility of the source by determining its relevance and intended use 5. Use evidence from multiple sources to answer compelling and supporting questions by developing arguments with claims, counterclaims, and explanations
6. Construct arguments and explanations that convey ideas and perspectives to appropriate audiences using print, oral, and digital technologies 7. Critique the credibility, relevance, and use of evidence in arguments and explanations proposed by self and others 8. Use disciplinary lenses within the social sciences to understand local, regional, and global problems, propose solutions, or assess strategies and options for action while applying deliberative processes
K-12 Disciplinary Standards Overview
Civics
Economics
Geography
History
C.1 Students will understand the impact of origins, structures, and functions of institutions and laws on society and citizens. This includes personal civic rights, roles, responsibilities, and processes by which laws are made and amended. C.2 Students will understand the structure and functions of various types of government and how they exercise their powers. C.3 Students will understand the role of citizens in society, the ways the government protects the rights of citizens, the electoral process, and the role of political parties. C.4 Students will understand the process of making and changing laws and the ways institutions work together in carrying out the laws. C.5 Students will understand the impact of origins, structures, and functions of institutions and laws on society and Indigenous peoples. This includes the relationship of the Native nations and the United States during various time periods. C.6 Students will understand the structure and functions of various types of tribal government and how they exercise their powers. This includes the progress and challenges of present-day Native America.
E.1 Students will understand the impact of economic decision-making. This includes the exchange of goods and services; role of producers, consumers, and government in the marketplace; and growth, stability, and interdependence within a global economy. E.2 Students will understand the impact of economic decision-making. This includes considering the marginal costs and benefits of alternatives. E.3 Students will understand the exchange of goods and services. This includes different allocation methods and changes in supply and demand; the role of producers, consumers, and government in a market economy; and the degree of competition among buyers and sellers in markets. E.4 Students will understand the growth, stability, and interdependence within a national economy. This includes the current and future state of the economy using economic indicators and monetary and fiscal policies for a variety of economic conditions. E.5 Students will understand the growth, stability, and interdependence within a global economy. This includes ways in which trade leads to increased economic interdependence. E.6 Students will understand the factors affecting income, wealth, and financial risk. This includes the role of credit in personal finance.
G.1 Students will understand the purpose of geographic tools (e.g., maps, globes, charts, graphs) to understand, analyze, and explain human interaction with each other and with the environment. This includes the spatial characteristics and patterns of human settlement and connections between global regions. G.2 Students will understand the purpose of geographic tools (e.g., maps, globes, charts, graphs) to interpret spatial information. This includes spatial organization of people, cultures, places, and environments within various regions and geographic skills to interpret the past, present, and plan for the future. G.3 Students will understand the characteristics of different physical and cultural regions and how they change over time (through demographic changes, migration, settlement, and conflict). This includes the impact physical geography has on human systems, including politics, culture, economics, and use of resources and how a region or culture interacts with itself, the environment, and other regions and cultures. G.4 Students will understand the impact humans have on the environment. This includes the distribution, management, and consumption of resources. G.5 Students will understand the impact Indigenous peoples have on the environment. This includes the communal view of how Indigenous peoples utilized the land and resources; and the characteristics of the original Indigenous peoples of Arkansas by analyzing artifacts, artwork, and other sources.
H.1 Students will understand chronology, patterns of continuity, and change over time. This includes the contextualization of historical events and ways people gather, view, construct, and interpret historical evidence. H.2 Students will understand key historical periods from the beginning of civilization (World Era 1) through 1500 C.E. (World Era 5). This includes the patterns of social, economic, and political change over time and the ways people view, construct, and interpret the history of nations and cultures of the world. H.3 Students will understand key historical periods from the United States' Beginnings (Era 1) through 1850 (Era 4). This includes the patterns of social, economic, and political change over time and the ways people view, construct, and interpret the history of the United States. H.4 Students will understand key historical periods from Civil War and Reconstruction (Era 5) to the Emergence of Modern America, 1890-1930 (Era 7). This includes the patterns of social, economic, and political change over time and the ways people view, construct, and interpret the history of the United States. H.5 Students will understand key historical periods from the Great Depression and World War II, 1929-1945 (Era 8), to the Contemporary United States, 1968 to Present (Era 10). This includes the patterns of social, economic, and political change over time and the ways people view, construct, and interpret the history of the United States. H.6 Students will understand key historical periods from the Emergence of the First Global Age, 1450-1770 (World Era 6), to the Twentieth Century Since 1945 (World Era 9). This includes the patterns of social, economic, and political change over time and the ways people view, construct, and interpret the history of nations and cultures of the world.
Economics
E.2 Students will understand the impact of economic decision-making. This includes considering the marginal costs and marginal benefits of alternatives.
Economic Decision-Making
● Economic Causes and Effects
Economics
E.3 Students will understand the exchange of goods and services. This includes different allocation methods and changes in supply and demand; the role of producers, consumers, and government in a market economy; and the degree of competition among buyers and among sellers in markets.
Exchange and Markets
● Factors that impact consumer decisions ● Methods to change market outcomes
Economics
E.4 Students will understand the growth, stability, and interdependence within a national economy. This includes the current and future state of the economy using economic indicators and monetary and fiscal policies for a variety of economic conditions.
National Economy
● Economic performance ● Fiscal policy ● Monetary policy
Economics
E.5 Students will understand the growth, stability, and interdependence within a global economy. This includes ways in which trade leads to increased economic interdependence.
Global Economy
● International trade
Economics
E.6 Students will understand the factors affecting income, wealth, and financial risk. This includes the role of credit in personal finance.
Personal Finance Management
● Personal financial management ● Credit and debt ● Financial responsibility and personal decision-making ● Planning and money management
E.2 Students will understand the impact of economic decision-making. This includes considering the marginal costs and marginal benefits of alternatives.
Economic Decision-Making
E.2.ECON.1 Demonstrate proper etiquette for interacting with the Arkansas and American flags.
E.2.ECON.2 Evaluate the roles of scarcity, incentives, trade-offs, and opportunity cost in decision-making* (e.g., PACED decision-making model, cost/benefit analysis, employment choices*, the four factors of production).
●PF.7.SI.4 Analyze the relationship between risk* and return.*
E.2.ECON.3 Justify various economic solutions to problems affecting an individual or society using marginal cost and marginal benefit analysis.
E.3 Students will understand the exchange of goods and services. This includes different allocation methods and changes in supply and demand; the role of producers, consumers, and government in a market economy; and the degree of competition among buyers and among sellers in markets.
Exchange and Markets
E.3.ECON.1 Identify various allocation methods used in different circumstances, countries, and economies (e.g., price, auction, lottery, first come, first served, personal characteristics, a contest/performance-based, fiat, or a combination).
E.3.ECON.2 Demonstrate changes in supply and demand using graphs to show shifts, shortages, surpluses, and changes in equilibrium price and quantity using the supply and demand model.
E.3.ECON.3 Analyze the role of consumers in a market economy.
E.3.ECON.4 Analyze the role of producers in a market economy.
E.3.ECON.5 Evaluate intended and unintended consequences of government policies created to improve market outcomes (e.g., regulatory, participatory, supervisory, price floor, price ceiling, minimum wage).
E.3.ECON.6 Compare and contrast various degrees of competition in markets (e.g., perfect competition, monopolistic competition, oligopoly, monopoly).
E.3.ECON.7 Explain how differences in the extent of competition in various markets can affect price, quantity, and variety.
E.4 Students will understand the growth, stability, and interdependence within a national economy. This includes the current and future state of the economy using economic indicators and monetary and fiscal policies for a variety of economic conditions.
National Economy
E.4.ECON.1 Analyze economic indicators used to measure economic performance including, but not limited to, unemployment, Gross Domestic Product (GDP), Consumer Price Index (CPI), and inflation.
E.4.ECON.2 Identify various causes and impacts of inflation, deflation, and stagflation, including the role of federal fiscal policies.
E.4.ECON.3 Evaluate the impact of advancements in technology, investments in capital goods, and increases in human capital on economic growth and standards of living.
E.4.ECON.4 Compare and contrast the roles and functions of financial institutions in the United States including banking practices* and regulation of savings and investments.*
●PF.5.MM.1 Compare types of banking institutions including products and services available. ●PF.5.MM.2 Explore the process of opening and managing different types of accounts (e.g., checking*, savings*). ●PF.7.SI.8 Understand the regulation of savings and investments.
E.4.ECON.5 Examine primary (e.g., ample reserves) and secondary (e.g., discount rate, reserve requirement, interest on reserves) monetary policy tools used by the Federal Reserve System.
E.4.ECON.6 Examine fiscal policy tools used by the executive and legislative branches of the government, including taxation, spending, regulation, and printing of currency.
E.4.ECON.7 Determine how the federal budget (i.e., spending and taxation) creates surpluses or deficits and impacts the national debt.
E.5 Students will understand the growth, stability, and interdependence within a global economy. This includes ways in which trade leads to increased economic interdependence.
Global Economy
E.5.ECON.1 Analyze the role of comparative advantage in trade and global markets using available data and a variety of sources.
E.5.ECON.2 Explain ways in which current trends in globalization affect economic growth, labor markets, rights of individuals, the environment, technological advancement, and resource and income distribution in different nations.
E.5.ECON.3 Research the impact of international and national economic and political policies on global trade using a variety of sources from multiple perspectives (e.g., trade policies, tariffs, quotas, immigration laws, fiscal policy, regulations).
E.6 Students will understand the factors affecting income, wealth, and financial risk. This includes the role of credit in personal finance.
Personal Finance Management
E.6.ECON.PF.1 Analyze the impact of education, training, job seeking skills, and workforce readiness skills (i.e., soft skills*) on productivity, earning potential, and employment*:
● Job-seeking skills*: network, interview skills*, resumé writing* ● Workforce readiness skills: positive attitude, problem-solving, communication*, time management*, leadership, active listening, teamwork, meeting basic employer expectations and requirements*
●PF.1.EI.1 Explain factors that influence career and job selection ●PF.3.CCP.1 Explore potential careers (including an employment forecast) and the steps needed to achieve them based on interests and/or talents ●PF.3.CCP.2 Explore opportunities for internships, job shadowing, and real-world experiences to determine future career paths ●PF.3.CCP.3 Develop a flowchart to outline the steps needed to achieve chosen career paths (e.g., trade school, associate’s degree, bachelor’s degree, master’s degree, doctorate) ●PF.1.EI.2 Determine ways to locate and apply for a job by ○Completing a job search in an area of interest ○Completing a job application, cover letter, resumé, and follow-up letter ●PF.1.EI.3 Evaluate ways to make a positive impression during a job interview ●PF.1.EI.4 Compare job offers for employee benefits* (e.g., time, income*, insurance*, retirement) ●PF.1.EI.5 Summarize skills needed to be successful in the workplace ○Communication ○Time Management ○Basic Employer Expectations
E.6.ECON.PF.2 Critique components of personal money management* in order to build short-term and long-term wealth:
●Income (e.g., salary*, hourly*, overtime*, commission) ●Saving* (e.g., stick to a budget, automate savings, cut out unnecessary spending) and investing* (e.g., growth, shares, property) ●Planning for retirement* ●Home-ownership* ●Management of expenses and debt*
●PF.2.EI.1 Compare and contrast the methods by which employees are paid (e.g., paycheck* forms such as direct deposit, paper check, payroll card) ●PF.4.C.3 Compare and contrast the advantages and disadvantages of renting versus owning a home (e.g., costs, taxes*, insurance) ●PF.7.SI.5 Compare the characteristics of saving tools (e.g., liquidity, interest rates, term length) to determine how to best meet a financial goal ●PF.7.SI.7 Research different types of investments and consider the importance of diversification ○Annuities ○Bonds ○Money Market Funds ○Mutual Funds ○Real Estate ○Stocks ●PF.5.MM.3 Analyze the advantages and disadvantages of various retirement plans (e.g., pension, 401K, IRA, social security) ●PF.7.SI.1 Compare the effects of interest rates as applied to saving and borrowing money ●PF.7.SI.4 Analyze the relationship between risk and return ●PF.2.EI.3 Analyze differences among salary, hourly, commission, and overtime pay
E.6.ECON.PF.3 Analyze insurance as a risk-management strategy to protect against unforeseen financial loss (e.g., auto, health, life, homeowners, renters, disability, liability).
●PF.6.I.2 Investigate the relationship between insurance premiums and deductibles ●PF.6.I.3 Evaluate auto insurance options and factors affecting the cost of coverage including split limit ●PF.6.I.4 Assess health-related insurance options and types of coverage (e.g., health, dental, vision, stroke/heart disease, cancer, accident, short-term/long-term disability, long-term care) ●PF.6.I.5 Analyze various types of life insurance (e.g., term, whole) ●PF.6.I.6 Investigate property insurance and potential riders including, but not limited to, homeowner’s, renter’s, and mortgage ●PF.6.I.1 Analyze the need for insurance in managing risk and how risk affects cost
E.6.ECON.PF.4 Analyze income and expenses to create a household budget* including food, shelter, transportation, utilities, insurance, savings, charitable giving*, and other expenses.
●PF.5.MM.4 Analyze expenses to create a household budget including, but not limited to, housing, utilities, food, saving, insurance, taxes (e.g., taxes on earnings such as income tax*, taxes on what people buy such as groceries (i.e., sales tax), and items people own such as a house or car (i.e., property tax), spending*, and charitable giving ●PF.5.MM.5 Examine the influences on financial planning* decisions (e.g., long-term*, needs vs. wants, priorities, values, stages of life, estate planning)
E.6.ECON.PF.5 Examine employment forms W-4*, W-2, I-9*, payroll deductions*, and other deductions in order to file an appropriate income tax form.
●PF.2.EI.2 Represent and analyze various types of income deductions and how they impact income (e.g., payroll taxes, deductions, gross pay, net pay) ●PF.2.EI.4 Complete work-related forms ○W-4 ○I-9 ○Medical forms ○Life Insurance forms ○Retirement forms
E.6.ECON.PF.6 Evaluate costs and benefits (e.g., interest rates, fees, penalties, rewards) of using various types of credit*:
●Student loans ●Credit cards ●Personal loans (e.g., auto, home mortgage)
●PF.4.C.4 Analyze factors that determine/influence mortgage costs (e.g., interest rate, term length, credit rating) ●PF.7.SI.2 Examine how consumers are affected by raising and lowering interest rates ●PF.7.SI.3 Calculate simple and compound interest and explain the difference between the two ●PF.4.C.7 Understand the different components of loans by: ○Differentiating between the types of loans (e.g., payday, auto, home, personal, student) ○Examining the lending process from application to approval ○Calculating true costs associated with loans (e.g., term length, interest rate) ○Understanding the factors that contribute to different interest rates ○Evaluating the implications of obtaining and/or defaulting on a loan
E.6.ECON.PF.7 Analyze factors that affect creditworthiness (e.g., credit score, three Cs of credit).
●PF.4.C.4 Analyze factors that determining/influence mortgage costs (e.g., interest rate, term length, credit rating) ●PF.4.C.5 Understand different components of credit by: ○Comparing and contrasting sources of credit (e.g., car loans, student loans, credit cards) ○Discussing the establishment and use of credit ○Identifying the factors that contribute to a credit score ○Calculating the actual costs associated with credit ○Discussing methods of solving credit problems ○Evaluating the risks associated with overextending credit
E.6.ECON.PF.8 Evaluate strategies to avoid and correct credit issues:
●Identity protection ●Bankruptcy* ●Debt and credit management*
●PF.4.C.1 Identify types of fraud and credit abuse and develop strategies to protect oneself from identity fraud* and theft* ●PF.4.C.6 Understand the different components of bankruptcy by: ○Identifying and evaluating types of bankruptcy ○Examining the impact of declaring bankruptcy and how it may affect future financial opportunities
E.6.ECON.PF.9 Discuss consumer protection laws* (e.g., Credit Card Accountability Responsibility and Disclosure Act of 2009, Truth in Lending Act, Fair Debt Collection Practices Act, Fair Credit Reporting Act).
●PF.4.C.2 Discuss common crimes against consumers and examine federal consumer protection laws","Course Focus and Content In Grades K-8, students receive a strong foundation in economics. One-semester Economics for Grades 9-12 emphasizes economic and personal finance decision-making. Students will explore the interrelationships among consumers, producers, and resources as well as the interrelationships between national and global economies. Additionally, students will examine the relationship between individual choices and the direct influence of these choices on career and future earning potential.
Teacher Note: For an economics tie-in, consider the history of the flag, its use in global commerce, and the modern global supply chains used to produce a flag.
Teacher Note: Teachers may include a review of the Laffer Curve which illustrates the relationship between taxation rates and government revenue.","Social Studies Academic Standards
Revised 2022
Course/Unit Credit: 0.5 Course Number: 474300 Teacher Licensure: Please refer to the Course Code Management System (https://adedata.arkansas.gov/ccms/) for the most current licensure codes. Grades: 9-12 Prerequisites:
None
Integrating Standards and Selecting Content Topics The disciplinary strands, standards, components, and the Knowledge and Skill Performance Expectations (KPEs and SPEs) are meant to be taught in an integrated manner, not in isolation. For example, a student might be studying an historical event or person while also learning specific civics, economics, geography, and/or history standards. The KPEs and SPEs require conceptual understanding which can be applied to future learning and additional content that may not be listed in the standards. The goal of knowledge acquisition in K-12 is for students to build knowledge and have experiences with content topics connected to their communities, the state of Arkansas, the United States, and the world. A thematic continuum of learning is provided to clarify (Figure 1) the expansion of learning from community to state to the world.
Figure 1
Related Laws for Social Studies A.C.A. § 1-5-109. Prisoners of War Remembrance Day. A.C.A. § 1-5-112. POW/MIA Recognition Day. A.C.A. § 1-5-113. Native American Heritage Week. A.C.A. § 1-5-114. Juneteenth Independence Day. A.C.A. § 1-5-119. Sultana Disaster Remembrance Day. A.C.A. § 6-16-101. Celebrate Freedom Week. A.C.A. § 6-16-105. United States Flag. A.C.A. § 6-16-106. Arkansas Flag. A.C.A. § 6-16-107. Patriotic Observances Generally. A.C.A. § 6-16-108. Recitation of the Pledge of Allegiance. A.C.A. § 6-16-111. Morals, Manners, Patriotism, and Business and Professional Integrity. A.C.A. § 6-16-121. African-American History – Teaching materials. A.C.A. § 6-16-122. American Heritage. A.C.A. § 6-16-148. Foundation of certain social studies or history courses offered in grades seven through twelve. A.C.A. § 6-16-154. Holocaust Education. A.C.A. § 6-16-124. Arkansas History – Required Social Studies Course. A.C.A. § 6-17-703. Arkansas History Professional Development. Teacher Note: Not all state statutes apply to the current grade level content.
Skills and Application Throughout the course, students will develop and apply disciplinary literacy skills: reading, writing, speaking, and listening. As students seek answers to compelling and supporting questions, they will examine a variety of primary and secondary sources and communicate responses in multiple ways, including oral, visual, and written forms. Students must be able to select and evaluate sources of information, draw and build upon ideas, explore issues, examine data, and analyze events from the full range of human experience to develop critical thinking skills essential for productive citizens. Economics with Personal Finance is required by the Standards for Accreditation. These standards do not meet the Grades 7-12 Arkansas History requirement as defined in Act 787 of 1997. Refer to the Arkansas History Academic Standards written for the course in Grades 7-8 or the Arkansas History Curriculum Framework for the course in Grades 9-12 to fulfill the one-semester Arkansas History requirement as defined in Act 787 of 1997. An asterisk (*) within the standards document denotes specific content that is explicitly stated in A.C.A. § 6-16-135. Personal and Family Finance Standards.
Primary and Secondary Sources and Disciplinary Literacy Standards The Disciplinary Literacy Standards for History/Social Studies guide students with the specific skills they need to engage with all social studies content. These reading and writing skills are separated by grade bands and include the use of primary and secondary sources, analysis of content from a variety of perspectives, and assessment of the credibility and accuracy of sources. Teachers should access the Disciplinary Literacy Standards Resource for History/Social Studies document through the Division of Elementary and Secondary Education website.
The College, Career, and Civic Life C3 Framework for Social Studies State Standards The acquisition of content knowledge and skills is paramount in a robust social studies program rooted in inquiry. The chart below summarizes social studies practices in four Dimensions.
● Dimensions 1, 3, and 4 of the College, Career, and Civic Life C3 Framework for Social Studies State Standards. These practices should be addressed throughout Grades K-12, building as students acquire the skills. ● Dimension 2 Applying Disciplinary Concepts and Tools sets forth the conceptual content, and the alignment to this dimension is embedded in the KPEs and SPEs.
Dimension 21 Applying Disciplinary Concepts and Tools
Civics
Economics
Geography
History
Social Sciences
● Civic and Political Institutions ● Participation and Deliberation ● Processes, Rules, and Laws
● Economic Decision-Making ● Exchange and Markets ● Growth and Stability ● The National Economy ● The Global Economy
● Geographic Representations: Spatial Views of the World ● Human-Environment Interaction: Place, Regions, and Culture ● Human Populations: Spatial Patterns and Movements ● Global Interconnections: Global Spatial Patterns
● Change, Continuity, and Context ● Perspectives ● Historical Sources and Evidence ● Causation and Argumentation
● Psychology ● Sociology
1 Organizational structure of the Social Studies Academic Standards is based on disciplinary strands in the C3 Framework.
Disciplinary Standards At a Glance
Disciplinary Strand
Disciplinary Standard
Disciplinary Component
● Grade or Course Specific Components
Disciplinary Note
The major work of the Economics course includes the disciplinary strands of Civics, Economics, Geography, and History. Each disciplinary strand is meant to be taught in an integrated manner, not in isolation. Teacher Note: Concepts of the Civics, Geography, and History strands are implicitly addressed in the embedded KPEs and SPEs.
Civics
Geography
History
●Civic and Political Institutions ●Participation and Deliberation ●Processes, Rules, and Laws
●Geographic Representations: Spatial Views of the World ●Human-Environment Interaction: Place, Regions, and Culture ●Human Populations: Spatial Patterns and Movements ●Global Interconnections: Global Spatial Patterns
●Change, Continuity, and Context ●Perspectives ●Historical Sources and Evidence ●Causation and Argumentation",AR_Economics_with_Personal_Finance_Standards_2022_LS.pdf,"AR_Economics_with_Personal_Finance_Standards_2022_LS.pdf: Aligned Personal Finance bullets (u106,u136,u163,u170,u173,u179,u182,u189,u192,u199,u202) labeled standards as they are coded PF.* standards.
AR_Economics_with_Personal_Finance_Standards_2022_LS.pdf: Bullet lists after E.6.ECON.PF KPEs (u161,u168,u187,u197) treated as part of the standard.
AR_Economics_with_Personal_Finance_Standards_2022_LS.pdf: K-12 overview and C3 skills labeled course null grades 9-12 (shared HS content)."
AR_09-12_Psychology,AR,"[9,10,11,12]",Psychology,Psychology,"Dimension 1
Dimension 3
Dimension 4
Developing Questions and Planning Inquiries
Evaluating Sources and Using Evidence
Communicating Conclusions and Taking
Informed Action
1. Construct compelling questions that promote inquiry around key ideas and issues 2. Develop supporting questions that contribute to inquiry: identifying facts, concepts, and interpretations 3. Answer compelling and supporting questions using appropriate and available sources that consider multiple points of view
4. Gather relevant information from multiple perspectives and a variety of sources; evaluate the credibility of the source by determining its relevance and intended use 5. Use evidence from multiple sources to answer compelling and supporting questions by developing arguments with claims, counterclaims, and explanations
6. Construct arguments and explanations that convey ideas and perspectives to appropriate audiences using print, oral, and digital technologies 7. Critique the credibility, relevance, and use of evidence in arguments and explanations proposed by self and others 8. Use disciplinary lenses within the social sciences to understand local, regional, and global problems, propose solutions, or assess strategies and options for action while applying deliberative processes
K-12 Disciplinary Standards Overview
Civics
Economics
Geography
History
C.1 Students will understand the impact of origins, structures, and functions of institutions and laws on society and citizens. This includes personal civic rights, roles, responsibilities, and processes by which laws are made and amended. C.2 Students will understand the structure and functions of various types of government and how they exercise their powers. C.3 Students will understand the role of citizens in society, the ways the government protects the rights of citizens, the electoral process, and the role of political parties. C.4 Students will understand the process of making and changing laws and the ways institutions work together in carrying out the laws. C.5 Students will understand the impact of origins, structures, and functions of institutions and laws on society and Indigenous peoples. This includes the relationship of the Native nations and the United States during various time periods. C.6 Students will understand the structure and functions of various types of tribal government and how they exercise their powers. This includes the progress and challenges of present-day Native America.
E.1 Students will understand the impact of economic decision-making. This includes the exchange of goods and services; role of producers, consumers, and government in the marketplace; and growth, stability, and interdependence within a global economy. E.2 Students will understand the impact of economic decision-making. This includes considering the marginal costs and benefits of alternatives. E.3 Students will understand the exchange of goods and services. This includes different allocation methods and changes in supply and demand; the role of producers, consumers, and government in a market economy; and the degree of competition among buyers and sellers in markets. E.4 Students will understand the growth, stability, and interdependence within a national economy. This includes the current and future state of the economy using economic indicators and monetary and fiscal policies for a variety of economic conditions. E.5 Students will understand the growth, stability, and interdependence within a global economy. This includes ways in which trade leads to increased economic interdependence. E.6 Students will understand the factors affecting income, wealth, and financial risk. This includes the role of credit in personal finance.
G.1 Students will understand the purpose of geographic tools (e.g., maps, globes, charts, graphs) to understand, analyze, and explain human interaction with each other and with the environment. This includes the spatial characteristics and patterns of human settlement and connections between global regions. G.2 Students will understand the purpose of geographic tools (e.g., maps, globes, charts, graphs) to interpret spatial information. This includes spatial organization of people, cultures, places, and environments within various regions and geographic skills to interpret the past, present, and plan for the future. G.3 Students will understand the characteristics of different physical and cultural regions and how they change over time (through demographic changes, migration, settlement, and conflict). This includes the impact physical geography has on human systems, including politics, culture, economics, and use of resources and how a region or culture interacts with itself, the environment, and other regions and cultures. G.4 Students will understand the impact humans have on the environment. This includes the distribution, management, and consumption of resources. G.5 Students will understand the impact Indigenous peoples have on the environment. This includes the communal view of how Indigenous peoples utilized the land and resources; and the characteristics of the original Indigenous peoples of Arkansas by analyzing artifacts, artwork, and other sources.
H.1 Students will understand chronology, patterns of continuity, and change over time. This includes the contextualization of historical events and ways people gather, view, construct, and interpret historical evidence. H.2 Students will understand key historical periods from the beginning of civilization (World Era 1) through 1500 C.E. (World Era 5). This includes the patterns of social, economic, and political change over time and the ways people view, construct, and interpret the history of nations and cultures of the world. H.3 Students will understand key historical periods from the United States' Beginnings (Era 1) through 1850 (Era 4). This includes the patterns of social, economic, and political change over time and the ways people view, construct, and interpret the history of the United States. H.4 Students will understand key historical periods from Civil War and Reconstruction (Era 5) to the Emergence of Modern America, 1890-1930 (Era 7). This includes the patterns of social, economic, and political change over time and the ways people view, construct, and interpret the history of the United States. H.5 Students will understand key historical periods from the Great Depression and World War II, 1929-1945 (Era 8), to the Contemporary United States, 1968 to Present (Era 10). This includes the patterns of social, economic, and political change over time and the ways people view, construct, and interpret the history of the United States. H.6 Students will understand key historical periods from the Emergence of the First Global Age, 1450-1770 (World Era 6), to the Twentieth Century Since 1945 (World Era 9). This includes the patterns of social, economic, and political change over time and the ways people view, construct, and interpret the history of nations and cultures of the world.
Social Science
SS.1 Students will understand the evolving nature of psychology and the methods and measurements used to study behavior and mental processes. This includes the behaviors related to sensation, perception, and consciousness; how biology influences psychology; the cognitive, moral, and social development throughout the human lifespan; and the causes and effects of psychological phenomena.
Psychology
● Perspective and Research ● Biology and Behaviors ● Conditioning, Learning, and Cognition ● Personality and Individuality
SS.1 Students will understand the evolving nature of psychology and the methods and measurements used to study behavior and mental processes. This includes the behaviors related to sensation, perception, and consciousness; how biology influences psychology; the cognitive, moral, and social development throughout the human lifespan; and the causes and effects of psychological phenomena.
Perspective and Research
SS.1.PSY.1 Analyze developments in the field of psychology as a social science.
SS.1.PSY.2 Compare contemporary perspectives used by psychologists.
SS.1.PSY.3 Analyze methods for collecting data in the field of psychology.
SS.1.PSY.4 Evaluate the impact of American Psychological Association (APA) and federal guidelines on the ethical treatment of human and nonhuman research participants (e.g., informed consent, avoiding harm, respect for individual rights).
SS.1 Students will understand the evolving nature of psychology and the methods and measurements used to study behavior and mental processes. This includes the behaviors related to sensation, perception, and consciousness; how biology influences psychology; the cognitive, moral, and social development throughout the human lifespan; and the causes and effects of psychological phenomena.
Biology and Behaviors
SS.1.PSY.5 Analyze how the processes of sensation and perception influence experiences and expectations in one’s environment.
SS.1.PSY.6 Compare different stages of consciousness:
● Conscious ● Unconscious ● Sleep states ● Other states such as meditation, relaxation, hypnosis, and flow state
SS.1.PSY.7 Explain the effects of the brain, nervous system, and endocrine system on behavior.
SS.1.PSY.8 Analyze interactions between biological factors and life experiences and their influences on behavior.
SS.1 Students will understand the evolving nature of psychology and the methods and measurements used to study behavior and mental processes. This includes the behaviors related to sensation, perception, and consciousness; how biology influences psychology; the cognitive, moral, and social development throughout the human lifespan; and the causes and effects of psychological phenomena.
Conditioning, Learning, and Cognition
SS.1.PSY.9 Explain how lifespan development (e.g., childhood, adolescence, adulthood, and aging) influences behavior and human interactions.
SS.1.PSY.10 Evaluate the methods of conditioning and learning theories.
SS.1.PSY.11 Evaluate biological processes and disorders associated with memory.
SS.1.PSY.12 Examine measures of intelligence and compare how measures and perceptions of intelligence such as theories, tests, cultural understanding, and multiple perspectives have changed over time.
SS.1 Students will understand the evolving nature of psychology and the methods and measurements used to study behavior and mental processes. This includes the behaviors related to sensation, perception, and consciousness; how biology influences psychology; the cognitive, moral, and social development throughout the human lifespan; and the causes and effects of psychological phenomena.
Personality and Individuality
SS.1.PSY.13 Students will explain theories of motivation, emotion, and factors that influence emotional interpretation and expression.
SS.1.PSY.14 Students will examine theories of personality, assessment, and influences related to personality.
SS.1.PSY.15 Evaluate causes, impacts, and treatment of psychological disorders.","Course Focus and Content Psychology is a one-semester social studies elective course that introduces students to the science of behavior and mental processes. It includes an overview of the history of psychology as well as an opportunity to study personality and individuality and explore how the knowledge and methods of psychologists are applied to the solution of human problems. The content of this course includes human development; biological bases of behavior; sensation and perception; learning, memory, and cognition; behavior patterns; personality and individuality.
Developments may include:
● Scientific methods ● Empirical research ● Development of theories ● Demarcation of psychology as a pseudo-science ● Contemporary applied psychology
Teacher Note: Potential connection to Holocaust education","Social Studies Academic Standards
Revised 2022
Course/Unit Credit: 0.5 Course Number: 474400 Teacher Licensure: Please refer to the Course Code Management System (https://adedata.arkansas.gov/ccms/) for the most current licensure codes. Grades: 9-12 Prerequisites:
None
Integrating Standards and Selecting Content Topics The disciplinary strands, standards, components, and the Knowledge and Skill Performance Expectations (KPEs and SPEs) are meant to be taught in an integrated manner, not in isolation. For example, a student might be studying an historical event or person while also learning specific civics, economics, geography, and/or history standards. The KPEs and SPEs require conceptual understanding which can be applied to future learning and additional content that may not be listed in the standards. The goal of knowledge acquisition in K-12 is for students to build knowledge and have experiences with content topics connected to their communities, the state of Arkansas, the United States, and the world. A thematic continuum of learning is provided to clarify (Figure 1) the expansion of learning from community to state to the world.
Figure 1
Related Laws for Social Studies A.C.A. § 1-5-109. Prisoners of War Remembrance Day. A.C.A. § 1-5-112. POW/MIA Recognition Day. A.C.A. § 1-5-113. Native American Heritage Week. A.C.A. § 1-5-114. Juneteenth Independence Day. A.C.A. § 1-5-119. Sultana Disaster Remembrance Day. A.C.A. § 6-16-101. Celebrate Freedom Week. A.C.A. § 6-16-105. United States Flag. A.C.A. § 6-16-106. Arkansas Flag. A.C.A. § 6-16-107. Patriotic Observances Generally. A.C.A. § 6-16-108. Recitation of the Pledge of Allegiance. A.C.A. § 6-16-111. Morals, Manners, Patriotism, and Business and Professional Integrity. A.C.A. § 6-16-121. African-American History – Teaching materials. A.C.A. § 6-16-122. American Heritage. A.C.A. § 6-16-148. Foundation of certain social studies or history courses offered in grades seven through twelve. A.C.A. § 6-16-154. Holocaust Education. A.C.A. § 6-16-124. Arkansas History – Required Social Studies Course. A.C.A. § 6-17-703. Arkansas History Professional Development. Teacher Note: Not all state statutes apply to the current grade level content.
Skills and Application Throughout the course, students will develop and apply disciplinary literacy skills: reading, writing, speaking, and listening. As students seek answers to compelling and supporting questions, they will examine a variety of primary and secondary sources and communicate responses in multiple ways, including oral, visual, and written forms. Students must be able to select and evaluate sources of information, draw and build upon ideas, explore issues, examine data, and analyze events from the full range of human experience to develop critical thinking skills essential for productive citizens. Psychology does not need Arkansas Department of Education approval. These standards do not meet the Grades 7-12 Arkansas History requirement as defined in Act 787 of 1997. Refer to the Arkansas History Academic Standards written for the course in Grades 7-8 or the Arkansas History Curriculum Framework for the course in Grades 9-12 to fulfill the one-semester Arkansas History requirement as defined in Act 787 of 1997.
Primary and Secondary Sources and Disciplinary Literacy Standards The Disciplinary Literacy Standards for History/Social Studies guide students with the specific skills they need to engage with all social studies content. These reading and writing skills are separated by grade bands and include the use of primary and secondary sources, analysis of content from a variety of perspectives, and assessment of the credibility and accuracy of sources. Teachers should access the Disciplinary Literacy Standards Resource for History/Social Studies document through the Division of Elementary and Secondary Education website.
The College, Career, and Civic Life C3 Framework for Social Studies State Standards The acquisition of content knowledge and skills is paramount in a robust social studies program rooted in inquiry. The chart below summarizes social studies practices in four Dimensions.
● Dimensions 1, 3, and 4 of the College, Career, and Civic Life C3 Framework for Social Studies State Standards. These practices should be addressed throughout Grades K-12, building as students acquire the skills. ● Dimension 2 Applying Disciplinary Concepts and Tools sets forth the conceptual content, and the alignment to this dimension is embedded in the KPEs and SPEs.
Dimension 21 Applying Disciplinary Concepts and Tools
Civics
Economics
Geography
History
Social Sciences
● Civic and Political Institutions ● Participation and Deliberation ● Processes, Rules, and Laws
● Economic Decision-Making ● Exchange and Markets ● Growth and Stability ● The National Economy ● The Global Economy
● Geographic Representations: Spatial Views of the World ● Human-Environment Interaction: Place, Regions, and Culture ● Human Populations: Spatial Patterns and Movements ● Global Interconnections: Global Spatial Patterns
● Change, Continuity, and Context ● Perspectives ● Historical Sources and Evidence ● Causation and Argumentation
● Psychology ● Sociology
1 Organizational structure of the Social Studies Academic Standards is based on disciplinary strands in the C3 Framework.
Disciplinary Standards At a Glance
Disciplinary Strand
Disciplinary Standard
Disciplinary Component
● Grade or Course Specific Components
Disciplinary Note
The major work of the Psychology course embeds the disciplinary strands of Civics, Economics, Geography, and History. Each disciplinary strand is taught in an integrated manner, not in isolation. Note: In the C3 Framework The College, Career, and Civic Life C3 Framework for Social Studies Standards, there is a “Psychology Companion Document for the C3 Framework” (Appendix B) which highlights the concept of how the Great Recession is examined through the disciplinary lens of psychology. Teacher Note: Concepts of the Civics, Economics, Geography and History strands are implicitly addressed in the embedded KPEs and SPEs.
Civics
Economics
Geography
History
●Civic and Political Institutions ●Participation and Deliberation ●Processes, Rules, and Laws
●Economic Decision-Making ●Exchange and Markets ●Growth and Stability ●The National Economy ●The Global Economy
●Geographic Representations: Spatial Views of the World ●Human-Environment Interaction: Place, Regions, and Culture ●Human Populations: Spatial Patterns and Movements ●Global Interconnections: Global Spatial Patterns
●Change, Continuity, and Context ●Perspectives ●Historical Sources and Evidence ●Causation and Argumentation",AR_Psychology_Standards_2022_LS.pdf,AR_Psychology_Standards_2022_LS.pdf: K-12 overview and C3 skills labeled course null grades 9-12 (shared HS content).
AR_09-12_Sociology,AR,"[9,10,11,12]",Sociology,Sociology,"Dimension 1
Dimension 3
Dimension 4
Developing Questions and Planning Inquiries
Evaluating Sources and Using Evidence
Communicating Conclusions and Taking
Informed Action
1. Construct compelling questions that promote inquiry around key ideas and issues 2. Develop supporting questions that contribute to inquiry: identifying facts, concepts, and interpretations 3. Answer compelling and supporting questions using appropriate and available sources that consider multiple points of view
4. Gather relevant information from multiple perspectives and a variety of sources; evaluate the credibility of the source by determining its relevance and intended use 5. Use evidence from multiple sources to answer compelling and supporting questions by developing arguments with claims, counterclaims, and explanations
6. Construct arguments and explanations that convey ideas and perspectives to appropriate audiences using print, oral, and digital technologies 7. Critique the credibility, relevance, and use of evidence in arguments and explanations proposed by self and others 8. Use disciplinary lenses within the social sciences to understand local, regional, and global problems, propose solutions, or assess strategies and options for action while applying deliberative processes
K-12 Disciplinary Standards Overview
Civics
Economics
Geography
History
C.1 Students will understand the impact of origins, structures, and functions of institutions and laws on society and citizens. This includes personal civic rights, roles, responsibilities, and processes by which laws are made and amended. C.2 Students will understand the structure and functions of various types of government and how they exercise their powers. C.3 Students will understand the role of citizens in society, the ways the government protects the rights of citizens, the electoral process, and the role of political parties. C.4 Students will understand the process of making and changing laws and the ways institutions work together in carrying out the laws. C.5 Students will understand the impact of origins, structures, and functions of institutions and laws on society and Indigenous peoples. This includes the relationship of the Native nations and the United States during various time periods. C.6 Students will understand the structure and functions of various types of tribal government and how they exercise their powers. This includes the progress and challenges of present-day Native America.
E.1 Students will understand the impact of economic decision-making. This includes the exchange of goods and services; role of producers, consumers, and government in the marketplace; and growth, stability, and interdependence within a global economy. E.2 Students will understand the impact of economic decision-making. This includes considering the marginal costs and benefits of alternatives. E.3 Students will understand the exchange of goods and services. This includes different allocation methods and changes in supply and demand; the role of producers, consumers, and government in a market economy; and the degree of competition among buyers and sellers in markets. E.4 Students will understand the growth, stability, and interdependence within a national economy. This includes the current and future state of the economy using economic indicators and monetary and fiscal policies for a variety of economic conditions. E.5 Students will understand the growth, stability, and interdependence within a global economy. This includes ways in which trade leads to increased economic interdependence. E.6 Students will understand the factors affecting income, wealth, and financial risk. This includes the role of credit in personal finance.
G.1 Students will understand the purpose of geographic tools (e.g., maps, globes, charts, graphs) to understand, analyze, and explain human interaction with each other and with the environment. This includes the spatial characteristics and patterns of human settlement and connections between global regions. G.2 Students will understand the purpose of geographic tools (e.g., maps, globes, charts, graphs) to interpret spatial information. This includes spatial organization of people, cultures, places, and environments within various regions and geographic skills to interpret the past, \ present, and plan for the future. G.3 Students will understand the characteristics of different physical and cultural regions and how they change over time (through demographic changes, migration, settlement, and conflict). This includes the impact physical geography has on human systems, including politics, culture, economics, and use of resources and how a region or culture interacts with itself, the environment, and other regions and cultures. G.4 Students will understand the impact humans have on the environment. This includes the distribution, management, and consumption of resources. G.5 Students will understand the impact Indigenous peoples have on the environment. This includes the communal view of how Indigenous peoples utilized the land and resources; and the characteristics of the original Indigenous peoples of Arkansas by analyzing artifacts, artwork, and other sources.
H.1 Students will understand chronology, patterns of continuity, and change over time. This includes the contextualization of historical events and ways people gather, view, construct, and interpret historical evidence. H.2 Students will understand key historical periods from the beginning of civilization (World Era 1) through 1500 C.E. (World Era 5). This includes the patterns of social, economic, and political change over time and the ways people view, construct, and interpret the history of nations and cultures of the world. H.3 Students will understand key historical periods from the United States' Beginnings (Era 1) through 1850 (Era 4). This includes the patterns of social, economic, and political change over time and the ways people view, construct, and interpret the history of the United States. H.4 Students will understand key historical periods from Civil War and Reconstruction (Era 5) to the Emergence of Modern America, 1890-1930 (Era 7). This includes the patterns of social, economic, and political change over time and the ways people view, construct, and interpret the history of the United States. H.5 Students will understand key historical periods from the Great Depression and World War II, 1929-1945 (Era 8), to the Contemporary United States, 1968 to Present (Era 10). This includes the patterns of social, economic, and political change over time and the ways people view, construct, and interpret the history of the United States. H.6 Students will understand key historical periods from the Emergence of the First Global Age, 1450-1770 (World Era 6), to the Twentieth Century Since 1945 (World Era 9). This includes the patterns of social, economic, and political change over time and the ways people view, construct, and interpret the history of nations and cultures of the world.
Social Science
SS.2 Students will understand the sociological perspective and the methods and strategies of researching social issues. This includes the cultural interaction between individuals and society and the evolution of social structures and culture; socialization and its impact on individuals and groups; and the effects and factors that lead to social stratification on groups and individuals.
Sociology
● Sociological Perspectives and Methods of Inquiry ● Social Structure ● Social Relationships ● Stratification and Inequality
SS.2 Students will understand the sociological perspective and the methods and strategies of researching social issues. This includes the cultural interaction between individuals and society and the evolution of social structures and culture; socialization and its impact on individuals and groups; and the effects and factors that lead to social stratification on groups and individuals.
Sociological Perspectives and Methods of Inquiry
SS.2.SOC.1 Analyze the development of the field of sociology including contributions of various individuals using a variety of sources.
SS.2.SOC.2 Compare the theoretical perspectives used by sociologists such as functional perspective, conflict perspective, and interaction perspective.
SS.2.SOC.3 Analyze and apply research methods such as observation, survey, field experimentation, and content analysis used by social scientists to study human society.
SS.2.SOC.4 Design sociological questions that examine various social phenomena.
SS.2.SOC.5 Collect and analyze data designed to answer a question that examines the impact of various social phenomena.
SS.2 Students will understand the sociological perspective and the methods and strategies of researching social issues. This includes the cultural interaction between individuals and society and the evolution of social structures and culture; socialization and its impact on individuals and groups; and the effects and factors that lead to social stratification on groups and individuals.
Social Structure
SS.2.SOC.6 Analyze how culture influences individuals using sources from multiple perspectives.
SS.2.SOC.7 Examine the role social institutions such as socio-economic status, education, belief systems, social patterns, and family play in society.
SS.2.SOC.8 Analyze key components of culture.
SS.2.SOC.9 Compare how cultures change and resist change.
SS.2.SOC.10 Examine the importance of norms and values to culture and the effects on social structure.
SS.2 Students will understand the sociological perspective and the methods and strategies of researching social issues. This includes the cultural interaction between individuals and society and the evolution of social structures and culture; socialization and its impact on individuals and groups; and the effects and factors that lead to social stratification on groups and individuals.
Social Relationships
SS.2.SOC.11 Analyze the role socialization agents (e.g., family, school, peer groups, mass media, and social media) play in human development.
SS.2.SOC.12 Examine the effect of norms and values on societies.
SS.2.SOC.13 Analyze the social construction of groups and the interactions between groups and individuals in society.
SS.2.SOC.14 Examine societal changes over time and factors influencing those changes.
SS.2 Students will understand the sociological perspective and the methods and strategies of researching social issues. This includes the cultural interaction between individuals and society and the evolution of social structures and culture; socialization and its impact on individuals and groups; and the effects and factors that lead to social stratification on groups and individuals.
Stratification and Inequality
SS.2.SOC.15 Analyze common patterns and effects of social stratification on groups and individuals using a variety of sources. This may include region, age, race, gender, religion, and socioeconomic status.
SS.2.SOC.17 Examine factors that contribute to and maintain social inequalities.
SS.2.SOC.18 Propose alternative responses to inequality from a variety of sources from multiple perspectives.","Course Focus and Content Sociology is a one-semester social studies elective course that introduces students to the social systems that are the foundation of society. Sociology enhances students’ understanding of the social world and helps students understand themselves better since it examines how the social world influences the way they think, feel, and act. An emphasis is placed on culture, social status, social institutions, and social problems, as well as resulting behaviors. Using the tools and techniques of sociologists, students will examine the causes, consequences, and possible solutions for various social issues as they read major sociological theorists and consider how sociologists approach issues.","Social Studies Academic Standards
Revised 2022
Course/Unit Credit: 0.5 Course Number: 474500 Teacher Licensure: Please refer to the Course Code Management System (https://adedata.arkansas.gov/ccms/) for the most current licensure codes. Grades: 9-12 Prerequisites:
None
Integrating Standards and Selecting Content Topics The disciplinary strands, standards, components, and the Knowledge and Skill Performance Expectations (KPEs and SPEs) are meant to be taught in an integrated manner, not in isolation. For example, a student might be studying an historical event or person while also learning specific civics, economics, geography, and/or history standards. The KPEs and SPEs require conceptual understanding which can be applied to future learning and additional content that may not be listed in the standards. The goal of knowledge acquisition in K-12 is for students to build knowledge and have experiences with content topics connected to their communities, the state of Arkansas, the United States, and the world. A thematic continuum of learning is provided to clarify (Figure 1) the expansion of learning from community to state to the world.
Figure 1
Related Laws for Social Studies A.C.A. § 1-5-109. Prisoners of War Remembrance Day. A.C.A. § 1-5-112. POW/MIA Recognition Day. A.C.A. § 1-5-113. Native American Heritage Week. A.C.A. § 1-5-114. Juneteenth Independence Day. A.C.A. § 1-5-119. Sultana Disaster Remembrance Day. A.C.A. § 6-16-101. Celebrate Freedom Week. A.C.A. § 6-16-105. United States Flag. A.C.A. § 6-16-106. Arkansas Flag. A.C.A. § 6-16-107. Patriotic Observances Generally. A.C.A. § 6-16-108. Recitation of the Pledge of Allegiance. A.C.A. § 6-16-111. Morals, Manners, Patriotism, and Business and Professional Integrity. A.C.A. § 6-16-121. African-American History – Teaching materials. A.C.A. § 6-16-122. American Heritage. A.C.A. § 6-16-148. Foundation of certain social studies or history courses offered in grades seven through twelve. A.C.A. § 6-16-154. Holocaust Education. A.C.A. § 6-16-124. Arkansas History – Required Social Studies Course. A.C.A. § 6-17-703. Arkansas History Professional Development. Teacher Note: Not all state statutes apply to the current grade level content.
Skills and Application Throughout the course, students will develop and apply disciplinary literacy skills: reading, writing, speaking, and listening. As students seek answers to compelling and supporting questions, they will examine a variety of primary and secondary sources and communicate responses in multiple ways, including oral, visual, and written forms. Students must be able to select and evaluate sources of information, draw and build upon ideas, explore issues, examine data, and analyze events from the full range of human experience to develop critical thinking skills essential for productive citizens. Sociology does not need Arkansas Department of Education approval. These standards do not meet the Grades 7-12 Arkansas History requirement as defined in Act 787 of 1997. Refer to the Arkansas History Academic Standards written for the course in Grades 7-8 or the Arkansas History Curriculum Framework for the course in Grades 9-12 to fulfill the one-semester Arkansas History requirement as defined in Act 787 of 1997.
Primary and Secondary Sources and Disciplinary Literacy Standards The Disciplinary Literacy Standards for History/Social Studies guide students with the specific skills they need to engage with all social studies content. These reading and writing skills are separated by grade bands and include the use of primary and secondary sources, analysis of content from a variety of perspectives, and assessment of the credibility and accuracy of sources. Teachers should access the Disciplinary Literacy Standards Resource for History/Social Studies document through the Division of Elementary and Secondary Education website.
The College, Career, and Civic Life C3 Framework for Social Studies State Standards The acquisition of content knowledge and skills is paramount in a robust social studies program rooted in inquiry. The chart below summarizes social studies practices in four Dimensions.
● Dimensions 1, 3, and 4 of the College, Career, and Civic Life C3 Framework for Social Studies State Standards. These practices should be addressed throughout Grades K-12, building as students acquire the skills. ● Dimension 2 Applying Disciplinary Concepts and Tools sets forth the conceptual content, and the alignment to this dimension is embedded in the KPEs and SPEs.
Dimension 21 Applying Disciplinary Concepts and Tools
Civics
Economics
Geography
History
Social Sciences
● Civic and Political Institutions ● Participation and Deliberation ● Processes, Rules, and Laws
● Economic Decision-Making ● Exchange and Markets ● Growth and Stability ● The National Economy ● The Global Economy
● Geographic Representations: Spatial Views of the World ● Human-Environment Interaction: Place, Regions, and Culture ● Human Populations: Spatial Patterns and Movements ● Global Interconnections: Global Spatial Patterns
● Change, Continuity, and Context ● Perspectives ● Historical Sources and Evidence ● Causation and Argumentation
● Psychology ● Sociology
1 Organizational structure of the Social Studies Academic Standards is based on disciplinary strands in the C3 Framework.
Disciplinary Standards At a Glance
Disciplinary Strand
Disciplinary Standard
Disciplinary Component
● Grade or Course Specific Components
Disciplinary Note
The major work of the Sociology course embeds the disciplinary strands of Civics, Economics, Geography, and History. Each disciplinary strand is taught in an integrated manner, not in isolation. Note: In the C3 Framework The College, Career, and Civic Life C3 Framework for Social Studies Standards, there is a “Sociology Companion Document for the C3 Framework” (Appendix C) which highlights the concept of how the Great Recession is examined through the disciplinary lens of sociology. Teacher Note: Concepts of the Civics, Economics, and History strands are implicitly addressed in the embedded KPEs and SPEs.
Civics
Economics
Geography
History
●Civic and Political Institutions ●Participation and Deliberation ●Processes, Rules, and Laws
●Economic Decision-Making ●Exchange and Markets ●Growth and Stability ●The National Economy ●The Global Economy
●Geographic Representations: Spatial Views of the World ●Human-Environment Interaction: Place, Regions, and Culture ●Human Populations: Spatial Patterns and Movements ●Global Interconnections: Global Spatial Patterns
●Change, Continuity, and Context ●Perspectives ●Historical Sources and Evidence ●Causation and Argumentation",AR_Sociology_Standards_2022_LS.pdf,"AR_Sociology_Standards_2022_LS.pdf: SS.2.SOC.16 is absent from the document (numbering jumps 15 to 17).
AR_Sociology_Standards_2022_LS.pdf: K-12 overview and C3 skills labeled course null grades 9-12 (shared HS content)."
AR_09-12_USGovernment,AR,"[9,10,11,12]",U.S. Government,U.S. Government,"Dimension 1
Dimension 3
Dimension 4
Developing Questions and Planning Inquiries
Evaluating Sources and Using Evidence
Communicating Conclusions and Taking
Informed Action
1. Construct compelling questions that promote inquiry around key ideas and issues 2. Develop supporting questions that contribute to inquiry: identifying facts, concepts, and interpretations 3. Answer compelling and supporting questions using appropriate and available sources that consider multiple points of view
4. Gather relevant information from multiple perspectives and a variety of sources; evaluate the credibility of the source by determining its relevance and intended use 5. Use evidence from multiple sources to answer compelling and supporting questions by developing arguments with claims, counterclaims, and explanations
6. Construct arguments and explanations that convey ideas and perspectives to appropriate audiences using print, oral, and digital technologies 7. Critique the credibility, relevance, and use of evidence in arguments and explanations proposed by self and others 8. Use disciplinary lenses within the social sciences to understand local, regional, and global problems, propose solutions, or assess strategies and options for action while applying deliberative processes
K-12 Disciplinary Standards Overview
Civics
Economics
Geography
History
C.1 Students will understand the impact of origins, structures, and functions of institutions and laws on society and citizens. This includes personal civic rights, roles, responsibilities, and processes by which laws are made and amended. C.2 Students will understand the structure and functions of various types of government and how they exercise their powers. C.3 Students will understand the role of citizens in society, the ways the government protects the rights of citizens, the electoral process, and the role of political parties. C.4 Students will understand the process of making and changing laws and the ways institutions work together in carrying out the laws. C.5 Students will understand the impact of origins, structures, and functions of institutions and laws on society and Indigenous peoples. This includes the relationship of the Native nations and the United States during various time periods. C.6 Students will understand the structure and functions of various types of tribal government and how they exercise their powers. This includes the progress and challenges of present-day Native America.
E.1 Students will understand the impact of economic decision-making. This includes the exchange of goods and services; role of producers, consumers, and government in the marketplace; and growth, stability, and interdependence within a global economy. E.2 Students will understand the impact of economic decision-making. This includes considering the marginal costs and benefits of alternatives. E.3 Students will understand the exchange of goods and services. This includes different allocation methods and changes in supply and demand; the role of producers, consumers, and government in a market economy; and the degree of competition among buyers and sellers in markets. E.4 Students will understand the growth, stability, and interdependence within a national economy. This includes the current and future state of the economy using economic indicators and monetary and fiscal policies for a variety of economic conditions. E.5 Students will understand the growth, stability, and interdependence within a global economy. This includes ways in which trade leads to increased economic interdependence. E.6 Students will understand the factors affecting income, wealth, and financial risk. This includes the role of credit in personal finance.
G.1 Students will understand the purpose of geographic tools (e.g., maps, globes, charts, graphs) to understand, analyze, and explain human interaction with each other and with the environment. This includes the spatial characteristics and patterns of human settlement and connections between global regions. G.2 Students will understand the purpose of geographic tools (e.g., maps, globes, charts, graphs) to interpret spatial information. This includes spatial organization of people, cultures, places, and environments within various regions and geographic skills to interpret the past, present, and plan for the future. G.3 Students will understand the characteristics of different physical and cultural regions and how they change over time (through demographic changes, migration, settlement, and conflict). This includes the impact physical geography has on human systems, including politics, culture, economics, and use of resources and how a region or culture interacts with itself, the environment, and other regions and cultures. G.4 Students will understand the impact humans have on the environment. This includes the distribution, management, and consumption of resources. G.5 Students will understand the impact Indigenous peoples have on the environment. This includes the communal view of how Indigenous peoples utilized the land and resources; and the characteristics of the original Indigenous peoples of Arkansas by analyzing artifacts, artwork, and other sources.
H.1 Students will understand chronology, patterns of continuity, and change over time. This includes the contextualization of historical events and ways people gather, view, construct, and interpret historical evidence. H.2 Students will understand key historical periods from the beginning of civilization (World Era 1) through 1500 C.E. (World Era 5). This includes the patterns of social, economic, and political change over time and the ways people view, construct, and interpret the history of nations and cultures of the world. H.3 Students will understand key historical periods from the United States' Beginnings (Era 1) through 1850 (Era 4). This includes the patterns of social, economic, and political change over time and the ways people view, construct, and interpret the history of the United States. H.4 Students will understand key historical periods from Civil War and Reconstruction (Era 5) to the Emergence of Modern America, 1890-1930 (Era 7). This includes the patterns of social, economic, and political change over time and the ways people view, construct, and interpret the history of the United States. H.5 Students will understand key historical periods from the Great Depression and World War II, 1929-1945 (Era 8), to the Contemporary United States, 1968 to Present (Era 10). This includes the patterns of social, economic, and political change over time and the ways people view, construct, and interpret the history of the United States. H.6 Students will understand key historical periods from the Emergence of the First Global Age, 1450-1770 (World Era 6), to the Twentieth Century Since 1945 (World Era 9). This includes the patterns of social, economic, and political change over time and the ways people view, construct, and interpret the history of nations and cultures of the world.
Civics
C.2 Students will understand the structure and functions of various types of government and how they exercise their powers.
Structure and Functions of the Government
● Structure, organization, and functions of the federal government ● Concept of federalism in the United States ● Relationship between the federal government and the economy
Civics
C.2 Students will understand the structure and functions of various types of government and how they exercise their powers.
Structure of the Constitution
● Organization and content of the United States Constitution
Civics
C.3 Students will understand the role of citizens in society, the ways the government protects the rights of citizens, the electoral process, and the role of political parties.
Political Philosophy
● Multiple outside perspectives of various sources that shaped the formation of the United States government ● Rationale of the Founding Leaders in selecting a democratic republic over other forms of government
Civics
C.4 Students will understand the process of making and changing laws and the ways institutions work together in carrying out the laws.
Interpretation and Application of Constitutional Principles
● Various interpretations of the U.S. Constitution ● Application of U.S. constitutional principles to address local and national issues
Civics - Structure and Functions of the Government
C.2 Students will analyze the organization and structure of the United States Constitution and its role in defining the powers and functions of the federal government.
● Structure, organization, and functions of the federal government ● Concept of federalism in the United States ● Relationship between the federal government and the economy
C.2.USG.1 Analyze the purpose, organization, powers, and function of the legislative branch of government, including the legislative process and the role of the Senate in giving states equal representation, using Article I of the Constitution and other primary and secondary sources.
C.2.USG.2 Analyze the purpose, organization, powers, and function of the executive branch of government, including the electoral college process, duties of the President, and supporting executive branch agencies using Article II of the Constitution and other primary and secondary sources.
C.2.USG.3 Analyze the purpose, organization, powers, and function of the judicial branch of government, including judicial review and the origin and duties of the court system and Supreme Court, as outlined by Article III of the Constitution, Marbury vs. Madison, and other primary and secondary sources.
C.2.USG.4 Analyze the powers and responsibilities of the federal government:
● Enumerated ● Implied ● Delegated ● Concurrent ● Reserved
C.2.USG.5 Analyze the reasons for and effectiveness of a system of checks and balances within the federal government.
C.2.USG.6 Examine the continuity and change over time of the composition and roles of the Presidential Cabinet and federal agencies.
C.2.USG.7 Evaluate the development and limitations of the federal bureaucracy as a “fourth branch” of the federal government.
C.2.USG.8 Analyze the foundation and structure of federalism as prescribed in the Supremacy Clause of Article VI, the Tenth Amendment, and the Fourteenth Amendment to the Constitution.
C.2.USG.9 Analyze the division of power and the relationships between federal and state government.
C.2.USG.10 Analyze the relationships among the states as prescribed in the Full Faith and Credit Clause of Article IV.
C.2.USG.11 Examine the reasons and processes for amending the U.S. Constitution, including the role of Congress, state legislatures, and convention of the states (Article V).
C.2.USG.12 Analyze the impact of the federal government’s fiscal policy on the economy and the citizens of the United States, including taxing, spending, regulation, and printing of currency.
C.2.USG.13 Evaluate the roles and effectiveness various government agencies play in maintaining the nation’s economic health.
Civics - Structure of the Constitution
C.2 Students will analyze the organization and structure of the United States Constitution and its role in defining the powers and functions of the federal government.
● Organization and content of the United States Constitution
C.2.USG.14 Analyze the underlying causes and events that led the Founders to replace the Articles of Confederation with the U.S. Constitution, including Shays’ Rebellion, the perceived weaknesses of the Articles of Confederation, and disputes between states.
C.2.USG.15 Analyze the purposes of government as explained in the Preamble to the U.S. Constitution.
C.2.USG.16 Evaluate the rationale for the organization of articles of the U.S. Constitution.
C.2.USG.17 Analyze the purposes of the Bill of Rights.
C.2.USG.18 Compare the arguments expressed in the debate over ratification of the U.S. Constitution, including Federalist and Anti-Federalist Papers.
Civics - Political Philosophy
C.3 Students will understand the role of citizens in society, the ways the government protects the rights of citizens, the electoral process, and the role of political parties.
● Multiple outside perspectives of various sources that shaped the formation of the United States government ● Rationale of the Founding Fathers in selecting a democratic republic over other forms of government
C.3.USG.1 Examine how the writings of John Locke, John Winthrop, Charles-Louis Montesquieu, Jean-Jacques Rousseau, William Blackstone, and other sources influenced the formation of the United States government.
C.3.USG.2 Analyze the influence of social, economic, religious, and political factors within the American colonies, including the concept of self-government, on the formation of the American government.
C.3.USG.3 Analyze social, economic, religious, and political factors that influenced the American colonists to overthrow British monarchical rule, including acts of Parliament and King George III that disrupted the colonists’ way of life and governance.
C.3.USG.4 Analyze social, economic, religious, and political factors, including the Great Awakening, which influenced the Founders to limit the powers of government.
C.3.USG.5 Evaluate the Declaration of Independence as a persuasive argument for justifying revolution.
C.3.USG.6 Analyze the Constitutional Convention and Federalist Papers to explain the decision by the Founders to establish a democratic republic.
Civics - Interpretation and Application of Constitutional Principles
C.4 Students will understand the process of making and changing laws and the ways institutions work together in carrying out the laws.
● Various interpretations of the U.S. Constitution ● Application of U.S. constitutional principles to address local and national issues
C.4.USG.1 Analyze major U.S. Supreme Court decisions affecting our understanding of the U.S. Constitution, including Marbury vs. Madison and McCullah vs. Maryland.
C.4.USG.2 Explain ways the U.S. Constitution and U.S. Supreme Court decisions have defined, recognized, and protected or not protected civil liberties, due process, and equal protection from governmental intrusion over time.
C.4.USG.3 Define different judicial philosophies and evaluate how they have governed Supreme Court decisions over time:
● Judicial activism ● Judicial restraint ● Originalism ● Textualism ● Contextualism ● Judicial pragmatism (i.e., “Living Constitution”)
C.4.USG.4 Analyze various federal laws, policies, and rulings concerning civil rights of individuals and groups.
C.4.USG.5 Examine causes and effects of amendments to the U.S. Constitution after the Bill of Rights.
C.4.USG.6 Apply constitutional principles, such as popular sovereignty and checks and balances, to a variety of current issues using landmark rulings.","Course Focus and Content United States Government is a one-semester course that focuses on the theoretical concepts relating to the foundations of government and the practical application of these concepts as they relate to American federalism, civil liberties, civil rights, and our national government. Basic concepts of state and local government and their relationships with the federal government are also examined. Topics include the constitutional framework; federalism; the three branches of government, including the bureaucracy; civil rights and liberties; political participation and behavior; and policy formation. Students will demonstrate an understanding of the basic concepts and processes of the American political system.
Teacher Note: Teachers may want to consider Federalist Papers such as numbers 1, 9, 10 and Anti-Federalist Papers such as Brutus #1 when teaching this standard.
Other sources may include:
● Key documents (e.g., Magna Carta, English Bill of Rights, Mayflower Compact) ● Greek (e.g., Aristotle, Greek democracy) ● Roman (e.g., separation of powers, representative democracy) ● Judeo-Christian traditions
Teacher Note: Many Founders, through teachings originating from the Great Awakening, believed human nature leaned towards greed and corruption, and therefore, placing government power in the hands of a few would lead to an erosion of personal liberties. As a result, structures should be put in place that limit and distribute government power, thereby protecting individual liberty.
Teacher Note: Specific Federalist Papers to consider would be numbers 9, 10, 39, and 51.
Teacher Note: Specific Supreme Court decisions may include:
● Dred Scott vs. Sandford ● Plessy vs. Ferguson ● Korematsu vs. United States ● Brown vs. Board of Education ● Tinker vs. Des Moines ● Miranda vs. Arizona ● New Jersey vs. TLO ● Goss vs. Lopez ● Loving vs. Virginia ● Kennedy vs. Bremerton School District
Teacher Note: This may include:
● Civil Rights Act of 1964 and 1968 ● Voting Rights Act of 1965 ● Immigration Act of 1965 ● Individuals with Disabilities Education Act of 1975 ● Americans with Disabilities Act of 1990 ● Indian Child Welfare Act ● Tribal Self-Governance Act ● Equal Pay Act of 1963 ● Title IX
Teacher Note: This may include:
● Federalism (e.g., South Dakota vs. Dole, United States vs. Lopez, Raich vs. Gonzalez) ● Free speech and free exercise of religion (e.g., Kennedy vs. Bremerton School District) ● Regulation of student speech (e.g., Bethel School District #43 vs. Fraser, Mahanoy Area School District vs. B.L.) ● Ownership and use of firearms (e.g., District of Columbia vs. Heller, McDonald vs. City of Chicago) ● Eminent domain (e.g., Kelo vs. City of New London)","Social Studies Academic Standards
Revised 2022
Course/Unit Credit: 0.5 Course Number: 474100 Teacher Licensure: Please refer to the Course Code Management System (https://adedata.arkansas.gov/ccms/) for the most current licensure codes. Grades: 9-12 Prerequisites:
None
Integrating Standards and Selecting Content Topics The disciplinary strands, standards, components, and the Knowledge and Skill Performance Expectations (KPEs and SPEs) are meant to be taught in an integrated manner, not in isolation. For example, a student might be studying an historical event or person while also learning specific civics, economics, geography, and/or history standards. The KPEs and SPEs require conceptual understanding which can be applied to future learning and additional content that may not be listed in the standards. The goal of knowledge acquisition in K-12 is for students to build knowledge and have experiences with content topics connected to their communities, the state of Arkansas, the United States, and the world. A thematic continuum of learning is provided to clarify (Figure 1) the expansion of learning from community to state to the world.
Figure 1
Related Laws for Social Studies A.C.A. § 1-5-109. Prisoners of War Remembrance Day. A.C.A. § 1-5-112. POW/MIA Recognition Day. A.C.A. § 1-5-113. Native American Heritage Week. A.C.A. § 1-5-114. Juneteenth Independence Day. A.C.A. § 1-5-119. Sultana Disaster Remembrance Day. A.C.A. § 6-16-101. Celebrate Freedom Week. A.C.A. § 6-16-105. United States Flag. A.C.A. § 6-16-106. Arkansas Flag. A.C.A. § 6-16-107. Patriotic Observances Generally. A.C.A. § 6-16-108. Recitation of the Pledge of Allegiance. A.C.A. § 6-16-111. Morals, Manners, Patriotism, and Business and Professional Integrity. A.C.A. § 6-16-121. African-American History – Teaching materials. A.C.A. § 6-16-122. American Heritage. A.C.A. § 6-16-148. Foundation of certain social studies or history courses offered in grades seven through twelve. A.C.A. § 6-16-154. Holocaust Education. A.C.A. § 6-16-124. Arkansas History – Required Social Studies Course. A.C.A. § 6-17-703. Arkansas History Professional Development. Teacher Note: Not all state statutes apply to the current grade level content.
Skills and Application Throughout the course, students will develop and apply disciplinary literacy skills: reading, writing, speaking, and listening. As students seek answers to compelling and supporting questions, they will examine a variety of primary and secondary sources and communicate responses in multiple ways, including oral, visual, and written forms. Students must be able to select and evaluate sources of information, draw and build upon ideas, explore issues, examine data, and analyze events from the full range of human experience to develop critical thinking skills essential for productive citizens. U.S. Government does not need Arkansas Department of Education approval. These standards do not meet the Grades 7-12 Arkansas History requirement as defined in Act 787 of 1997. Refer to the Arkansas History Academic Standards written for the course in Grades 7-8 or the Arkansas History Curriculum Framework for the course in Grades 9-12 to fulfill the one-semester Arkansas History requirement as defined in Act 787 of 1997.
Primary and Secondary Sources and Disciplinary Literacy Standards The Disciplinary Literacy Standards for History/Social Studies guide students with the specific skills they need to engage with all social studies content. These reading and writing skills are separated by grade bands and include the use of primary and secondary sources, analysis of content from a variety of perspectives, and assessment of the credibility and accuracy of sources. Teachers should access the Disciplinary Literacy Standards Resource for History/Social Studies document through the Division of Elementary and Secondary Education website.
The College, Career, and Civic Life C3 Framework for Social Studies State Standards The acquisition of content knowledge and skills is paramount in a robust social studies program rooted in inquiry. The chart below summarizes social studies practices in four Dimensions.
● Dimensions 1, 3, and 4 of the College, Career, and Civic Life C3 Framework for Social Studies State Standards. These practices should be addressed throughout Grades K-12, building as students acquire the skills. ● Dimension 2 Applying Disciplinary Concepts and Tools sets forth the conceptual content, and the alignment to this dimension is embedded in the KPEs and SPEs.
Dimension 21 Applying Disciplinary Concepts and Tools
Civics
Economics
Geography
History
Social Sciences
● Civic and Political Institutions ● Participation and Deliberation ● Processes, Rules, and Laws
● Economic Decision-Making ● Exchange and Markets ● Growth and Stability ● The National Economy ● The Global Economy
● Geographic Representations: Spatial Views of the World ● Human-Environment Interaction: Place, Regions, and Culture ● Human Populations: Spatial Patterns and Movements ● Global Interconnections: Global Spatial Patterns
● Change, Continuity, and Context ● Perspectives ● Historical Sources and Evidence ● Causation and Argumentation
● Psychology ● Sociology
1 Organizational structure of the Social Studies Academic Standards is based on disciplinary strands in the C3 Framework.
Disciplinary Standards At a Glance
Disciplinary Strand
Disciplinary Standard
Disciplinary Component
● Grade or Course Specific Components
Disciplinary Note
The major work of the U.S. Government course includes the disciplinary strands of Civics, Economics, Geography, and History. Each disciplinary strand is meant to be taught in an integrated manner, not in isolation.
Teacher Note: Concepts of the Economic, Geography, and History strands are implicitly addressed in the embedded KPEs and SPEs.
Academic Standards & Disciplinary Concepts
Economics
Geography
History
● Economic Decision-Making ● Exchange and Markets ● Growth and Stability ● The National Economy ● The Global Economy
●Geographic Representations: Spatial Views of the World ●Human-Environment Interaction: Place, Regions, and Culture ●Human Populations: Spatial Patterns and Movements ●Global Interconnections: Global Spatial Patterns
●Change, Continuity, and Context ●Perspectives ●Historical Sources and Evidence ●Causation and Argumentation",AR_US_Government_Standards_2022_LS.pdf,"AR_US_Government_Standards_2022_LS.pdf: u90 sits on a page where the running-header text 'Academic Standards & Disciplinary Concepts' was extracted as a table cell; labeled backup.
AR_US_Government_Standards_2022_LS.pdf: Course-specific C.2/C.3/C.4 statements on KPE pages (u102,u129,u144,u163) differ from the K-12 overview wording; labeled standards.
AR_US_Government_Standards_2022_LS.pdf: K-12 overview and C3 skills labeled course null grades 9-12 (shared HS content)."
AR_09-12_USHistorySince1929,AR,"[9,10,11,12]",U.S. History Since 1929,U.S. History Since 1929,"Dimension 1
Dimension 3
Dimension 4
Developing Questions and Planning Inquiries
Evaluating Sources and Using Evidence
Communicating Conclusions and Taking
Informed Action
1. Construct compelling questions that promote inquiry around key ideas and issues 2. Develop supporting questions that contribute to inquiry: identifying facts, concepts, and interpretations 3. Answer compelling and supporting questions using appropriate and available sources that consider multiple points of view
4. Gather relevant information from multiple perspectives and a variety of sources; evaluate the credibility of the source by determining its relevance and intended use 5. Use evidence from multiple sources to answer compelling and supporting questions by developing arguments with claims, counterclaims, and explanations
6. Construct arguments and explanations that convey ideas and perspectives to appropriate audiences using print, oral, and digital technologies 7. Critique the credibility, relevance, and use of evidence in arguments and explanations proposed by self and others 8. Use disciplinary lenses within the social sciences to understand local, regional, and global problems, propose solutions, or assess strategies and options for action while applying deliberative processes
K-12 Disciplinary Standards Overview
Civics
Economics
Geography
History
C.1 Students will understand the impact of origins, structures, and functions of institutions and laws on society and citizens. This includes personal civic rights, roles, responsibilities, and processes by which laws are made and amended. C.2 Students will understand the structure and functions of various types of government and how they exercise their powers. C.3 Students will understand the role of citizens in society, the ways the government protects the rights of citizens, the electoral process, and the role of political parties. C.4 Students will understand the process of making and changing laws and the ways institutions work together in carrying out the laws. C.5 Students will understand the impact of origins, structures, and functions of institutions and laws on society and Indigenous peoples. This includes the relationship of the Native nations and the United States during various time periods. C.6 Students will understand the structure and functions of various types of tribal government and how they exercise their powers. This includes the progress and challenges of present-day Native America.
E.1 Students will understand the impact of economic decision-making. This includes the exchange of goods and services; role of producers, consumers, and government in the marketplace; and growth, stability, and interdependence within a global economy. E.2 Students will understand the impact of economic decision-making. This includes considering the marginal costs and benefits of alternatives. E.3 Students will understand the exchange of goods and services. This includes different allocation methods and changes in supply and demand; the role of producers, consumers, and government in a market economy; and the degree of competition among buyers and sellers in markets. E.4 Students will understand the growth, stability, and interdependence within a national economy. This includes the current and future state of the economy using economic indicators and monetary and fiscal policies for a variety of economic conditions. E.5 Students will understand the growth, stability, and interdependence within a global economy. This includes ways in which trade leads to increased economic interdependence. E.6 Students will understand the factors affecting income, wealth, and financial risk. This includes the role of credit in personal finance.
G.1 Students will understand the purpose of geographic tools (e.g., maps, globes, charts, graphs) to understand, analyze, and explain human interaction with each other and with the environment. This includes the spatial characteristics and patterns of human settlement and connections between global regions. G.2 Students will understand the purpose of geographic tools (e.g., maps, globes, charts, graphs) to interpret spatial information. This includes spatial organization of people, cultures, places, and environments within various regions and geographic skills to interpret the past, present, and plan for the future. G.3 Students will understand the characteristics of different physical and cultural regions and how they change over time (through demographic changes, migration, settlement, and conflict). This includes the impact physical geography has on human systems, including politics, culture, economics, and use of resources and how a region or culture interacts with itself, the environment, and other regions and cultures. G.4 Students will understand the impact humans have on the environment. This includes the distribution, management, and consumption of resources. G.5 Students will understand the impact Indigenous peoples have on the environment. This includes the communal view of how Indigenous peoples utilized the land and resources; and the characteristics of the original Indigenous peoples of Arkansas by analyzing artifacts, artwork, and other sources.
H.1 Students will understand chronology, patterns of continuity, and change over time. This includes the contextualization of historical events and ways people gather, view, construct, and interpret historical evidence. H.2 Students will understand key historical periods from the beginning of civilization (World Era 1) through 1500 C.E. (World Era 5). This includes the patterns of social, economic, and political change over time and the ways people view, construct, and interpret the history of nations and cultures of the world. H.3 Students will understand key historical periods from the United States' Beginnings (Era 1) through 1850 (Era 4). This includes the patterns of social, economic, and political change over time and the ways people view, construct, and interpret the history of the United States. H.4 Students will understand key historical periods from Civil War and Reconstruction (Era 5) to the Emergence of Modern America, 1890-1930 (Era 7). This includes the patterns of social, economic, and political change over time and the ways people view, construct, and interpret the history of the United States. H.5 Students will understand key historical periods from the Great Depression and World War II, 1929-1945 (Era 8), to the Contemporary United States, 1968 to Present (Era 10). This includes the patterns of social, economic, and political change over time and the ways people view, construct, and interpret the history of the United States. H.6 Students will understand key historical periods from the Emergence of the First Global Age, 1450-1770 (World Era 6), to the Twentieth Century Since 1945 (World Era 9). This includes the patterns of social, economic, and political change over time and the ways people view, construct, and interpret the history of nations and cultures of the world.
History
H.5 Students will understand key historical periods from The Great Depression and World War II, 1929-1945 (Era 8) to the Contemporary United States, 1968 to Present (Era 10). This includes the patterns of social, economic, and political change over time and the ways people view, construct, and interpret the history of the United States.
United States History 1929-Present (Era 8 though Era 10)
Era 8: 1929-1940
● The Great Depression and World War II - United States during and following these major events (E8)
Era 9: 1941-1967
● Post-war United States through 1970s - International events and trends resulting in the emergence of the United States as a superpower (E9)
Era 10: 1968 to Present
● Contemporary United States to Present - Domestic and foreign policies of the United States since 1968 (E10)
History - United States History since 1929
H.5 Students will understand key historical periods from the Emergence of Modern America, 1890-1930 (Era 7), to the Contemporary United States, 1968 to
Present (Era 10). This includes the patterns of social, economic, and political change over time and the ways people view, construct, and interpret the history of the United States.
Era 8: 1929-1945, The Great Depression and World War II - United States during and following these major events
Knowledge and Skill Performance Expectations
Era 8
H.5.USH.1 Demonstrate proper etiquette for interacting with the Arkansas and American flags and analyze the free speech rights of citizens regarding the use of flags (e.g., West Virginia vs. Barnette, Texas vs. Johnson).
H.5.USH.2 Analyze national and international causes of the Great Depression:
● Political causes: (e.g., protectionism, tariffs) ● Economic and monetary causes: (e.g., speculation, overproduction, farm surplus, foreclosures, easy credit, deflation, unemployment) ● Environmental causes (e.g., Dust Bowl)
H.5.USH.3 Analyze the expanded role of the federal government’s domestic interventions and fiscal policy in response to the Great Depression:
● New Deal legislation (e.g., Emergency Banking Relief Act, Agricultural Adjustment Act, Social Security Act, National Labor Relations Act) ● Federal work relief agencies (e.g., Tennessee Valley Authority, Civilian Conservation Corps, Public Works Administration, Work Progress Administration) ● Changing role of the federal government in the economy (e.g., social security, minimum wage)
H.5.USH.4 Evaluate the effectiveness of New Deal policies on various regions during the Great Depression, including their effects on unemployment, poverty, infrastructure, and the views of Americans toward the role of government in the economy.
H.5.USH.5 Evaluate various motives for initial U.S. neutrality and later involvement in World War II:
● Isolationist foreign policy ● Financial and ideological motives ● Direct threat by foreign powers to American interests
H.5.USH.6 Examine the roles and perspectives of national and foreign leaders during World War II.
H.5.USH.7 Analyze the historical significance of key battles, events, and people during World War II, including the Holocaust:
● Battles: (e.g., Pearl Harbor, Battle of Midway, D-Day, Battle of the Bulge, Iwo Jima, Battle of Okinawa) ● Events: (e.g., Guam liberation, atomic bombs on Hiroshima and Nagasaki, V-E Day, V-J Day) ● People: (e.g., Franklin Roosevelt, Harry Truman, Dwight D. Eisenhower, George Patton, Douglas MacArthur, Navajo Code Talkers, Fighting Red Tails, 442nd Infantry Regiment)
H.5.USH.8 Analyze the social, economic, and political effects of World War II on the American people:
● War efforts at home (e.g., victory gardens, rationing, defense industry towns, contributions of women and minorities) ● Japanese-American internment camps and Korematsu vs. United States ● Service member casualties, including prisoners of war, missing and wounded in action
H.5.USH.9 Analyze the impact of advances in science and technology during World War II.
H.5.USH.10 Evaluate the use of media and propaganda to influence the viewpoints and perspectives of the American people during World War II.
History - United States History since 1929
H.5 Students will understand key historical periods from The Great Depression and World War II, 1929-1945 (Era 8) to the Contemporary United States, 1968 to
Present (Era 10). This includes the patterns of social, economic, and political change over time and the ways people view, construct, and interpret the history of the United States.
Era 9: 1945 to Early 1970s, Post-war United States through 1970s - International events and trends resulting in the emergence of the United States as a superpower
Knowledge and Skill Performance Expectations
Era 9
H.5.USH.11 Examine the social, economic, and political results and implications of World War II nationally, including the end of American isolationism, the Yalta Conference and its global implications, and cultural changes in the U.S. (e.g., baby boom, women in workforce, desegregation of armed forces).
H.5.USH.12 Analyze the origins, developments, and effects of Soviet-American rivalry in the Cold War:
● Origins: (e.g., Yalta Conference, differences in Soviet and American philosophies and economic and political systems) ● Developments: (e.g., Marshall Plan, Berlin Blockade, Truman Doctrine, American containment policy, Soviet aggression) ● Effects: [e.g., international alliances and treaties (such as NATO, Warsaw Pact), nuclear arms race, space race, McCarthyism]
H.5.USH.13 Analyze sources of conflict and confrontation during the post-World War II era using maps and other sources:
● Nuclear weapons ● Truman Doctrine ● Proxy wars and direct conflicts, including Korean War, Vietnam War, and Cuban Missile Crisis
H.5.USH.14 Discuss the effects of changes in U.S. foreign policy following World War II, including American containment and appeasement policies in Asia, Latin America, and the Middle East.
H.5.USH.15 Evaluate the effectiveness of international organizations in preventing, resolving, or perpetuating conflicts:
● United Nations ● NATO ● Warsaw Pact
H.5.USH.16 Construct explanations on reasons for the emergence of the United States as a superpower by the mid-1970s.
H.5.USH.17 Analyze the roles of individuals, groups, and events in securing civil rights during the mid-20th century:
● Individuals: (e.g., Dr. Martin Luther King, Jr., Malcolm X, Rosa Parks, Earl Warren, Thurgood Marshall, Cesar Chavez) ● Groups: (e.g., NAACP, Freedom Riders, Southern Christian Leadership Conference, Student Nonviolent Coordinating Committee) ● Events: (e.g., murder of Emmett Till, Brown vs. Board of Education, desegregation of Little Rock Central High School, passage of 24th Amendment, passage of Civil Rights Acts of 1964 and 1968, sit-ins, assassination of Martin Luther King, Jr.)
H.5.USH.18 Analyze causes and effects of cultural changes on society in the United States during the 1960s and 1970s:
● Changing views on family structure and the roles of women and students ● Suburbanization ● Secularization (e.g., Engel vs. Vitale, Lemon test) ● Counterculture, student protests, and increased drug use (e.g., Tinker vs. Des Moines, Woodstock, Summer of Love, Vietnam protests) ● Law and politics (e.g., Chicago Seven trial, 26th Amendment, Congress’ use of interstate commerce clause)
H.5.USH.19 Analyze the technological transformation on social, economic, and political trends in America during the 1970s and 1980s.
H.5.USH.20 Examine domestic policies and outcomes of the federal government between 1945 and 1970:
● Eisenhower Modern Republicanism ● Federal Highway Act of 1956 ● New Frontier ● Great Society ● Civil Rights Acts of 1964 and 1968 ● Southern Manifesto and Dixiecrats
H.5.USH.21 Construct historical arguments of long-term effects of social and economic changes occurring during the mid-20th century using available data and multiple sources.
History - United States History since 1929
H.5 Students will understand key historical periods from The Great Depression and World War II, 1929-1945 (Era 8) to the Contemporary United States, 1968 to
Present (Era 10). This includes the patterns of social, economic, and political change over time and the ways people view, construct, and interpret the history of the United States.
Era 10: 1968 to Present, Contemporary United States to Present - Domestic and foreign policies of the United States since 1968
Knowledge and Skill Performance Expectations
Era 10
H.5.USH.22 Examine continuity and change in domestic policies under multiple administrations since 1968, including debates on the national debt, size and role of government, tax policy, inflation, and “Reaganomics.”
H.5.USH.23 Analyze effects of domestic policies on Americans in marginalized groups:
● Growth of African American middle class, increased political representation ● Protection of rights for Americans with disabilities (e.g., Individuals with Disabilities Education Act, Americans with Disabilities Act of 1990) ● Increased recognition of Indigenous sovereignty (e.g., Indian Child Welfare Act, Tribal Self Governance Act) ● Progress of women’s rights (e.g., Equal Pay Act of 1963, Title IX) ● Other impactful policies (e.g., “War on Drugs,” welfare state, Patriot Act)
H.5.USH.24 Examine continuity and change in foreign policies under Richard Nixon, Gerald Ford, Jimmy Carter, Ronald Reagan, and George H.W. Bush.
H.5.USH.25 Examine reasons for and consequences of United States involvement in foreign conflicts, including American foreign policy under multiple administrations, and the changing view of America’s international role:
● Foreign policies of Bill Clinton, George W. Bush, Barack Obama, Donald Trump, and Joe Biden ● Role of NATO in Eastern Europe and post-Communist Russia ● Response to China as a competitor and possible threat ● U.S. involved conflicts: (e.g., Grenada, First and Second Gulf Wars, Iran-Contra, Nicaragua, Libya, Syria, Israel, Afghanistan)
H.5.USH.26 Construct explanations of change and continuity in foreign policy since 2001 after the September 11th, terrorist attacks in New York City and Washington, D.C.:
● Response of the Bush administration ● Wars in Afghanistan and Iraq ● Domestic and international efforts to combat terrorism (e.g., the Patriot Act, Hamdi vs. Rumsfeld)
H.5.USH.27 Examine the social and economic effects of globalization on the United States:
● Trade agreements and organizations [e.g., European Union, North American Free Trade Agreement (NAFTA), World Trade Organization (WTO)] ● Economic shifts due to international agreements (e.g., cheap labor, decline in American manufacturing, multinational corporations) ● Increased immigration from Latin America, South Asia, and East Asia
H.5.USH.28 Analyze the effectiveness of citizens, institutions, and the government in addressing environmental and social issues at the local, state, and national levels since 1968: ● Environmental issues: [e.g., creation of the Environmental Protection Agency (EPA), Earth Day movement, National Environmental Policy Act of 1970, push towards alternative forms of energy] ● Social issues: (e.g., increased government involvement in housing and healthcare, expansion of civil rights, Reagan Revolution, welfare and unemployment reform, AIDS crisis, coronavirus pandemic)
H.5.USH.29 Evaluate the cultural and technological transformation in the United States from 1968 to the present, including the increased use of personal technology, advancements in energy and medicine, and influence of the media and entertainment industry (e.g., websites, documentaries, movies, newspaper articles, biographies).","Course Focus and Content In Grades 5-8, students receive a strong foundation in United States History from pre-colonialism through the Roaring Twenties, allowing United States History Since 1929 to focus in greater depth on the effects of changing culture, technology, world economy, and environment, as well as the impact of global conflicts on contemporary society in the United States. The desired outcome of this course is for students to develop an understanding of the cause-and-effect relationship between past and present events, recognize patterns of interactions, and understand the impact of events in the United States within an interconnected world. United States History Since 1929 examines the Great Depression to the present. Students will examine the political, economic, geographic, social, and cultural development of the United States of America from the late nineteenth century into the twenty-first century. This course references the eras and time periods from the National Center for History in the
Teacher Note: A connection to the Holocaust could be through the American response to Jewish refugees from Europe seeking admission to the U.S.
Teacher Note: A connection to the Holocaust could be the response of national and foreign leaders to Jewish refugees seeking entrance to various countries abroad.
Teacher Note: Notable organizations and events include the Office of Scientific Research and Development, Manhattan Project, Code-Talkers, and the use of computers, semiconductors, synthetic materials, penicillin, and rockets.
Teacher Note: Media and organizations influencing the war effort may include Rosie the Riveter, Women in Defense, The Nature of the Enemy, United We Win, Weapon of War, and the Office of War Information.
Teacher Note: A post-World War II connection to the Holocaust may be included here with the U.S. efforts to assist Jewish refugees and displaced persons, including changes to U.S. immigration policies and passage of the Displaced Persons Act of 1948.
Teacher Note: Significant transformations may include areas in communication (e.g., telephones, Internet, email), information processing (e.g., personal computers), transportation, energy production, and medical technology.
Teacher Note: Significant events during these administrations include:
● Nixon’s SALT treaties (Strategic Arms Limitation Talks) and diplomatic relations with China ● Ford’s withdrawal from Vietnam ● Carter’s Camp David Accords and OPEC oil crisis ● Reagan’s relationship with the Soviet Union and fall of Eastern European Communism ● Bush’s involvement in the Persian Gulf
Teacher Note: Digital technology may include development of the internet, GPS, privacy concerns/laws, Google/Alphabet, Amazon, Apple, Microsoft, Facebook, Twitter.","U.S. History
Since 1929
Social Studies Academic Standards
Revised 2022
Course/Unit Credit: 1 Course Number: 470000 Teacher Licensure: Please refer to the Course Code Management System (https://adedata.arkansas.gov/ccms/) for the most current licensure codes. Grades: 9-12 Prerequisites:
None
Integrating Standards and Selecting Content Topics The disciplinary strands, standards, components, and the Knowledge and Skill Performance Expectations (KPEs and SPEs) are meant to be taught in an integrated manner, not in isolation. For example, a student might be studying an historical event or person while also learning specific civics, economics, geography, and/or history standards. The KPEs and SPEs require conceptual understanding which can be applied to future learning and additional content that may not be listed in the standards. The goal of knowledge acquisition in K-12 is for students to build knowledge and have experiences with content topics connected to their communities, the state of Arkansas, the United States, and the world. A thematic continuum of learning is provided to clarify (Figure 1) the expansion of learning from community to state to the world.
Figure 1
Related Laws for Social Studies A.C.A. § 1-5-109. Prisoners of War Remembrance Day. A.C.A. § 1-5-112. POW/MIA Recognition Day. A.C.A. § 1-5-113. Native American Heritage Week. A.C.A. § 1-5-114. Juneteenth Independence Day. A.C.A. § 1-5-119. Sultana Disaster Remembrance Day. A.C.A. § 6-16-101. Celebrate Freedom Week. A.C.A. § 6-16-105. United States Flag. A.C.A. § 6-16-106. Arkansas Flag. A.C.A. § 6-16-107. Patriotic Observances Generally. A.C.A. § 6-16-108. Recitation of the Pledge of Allegiance. A.C.A. § 6-16-111. Morals, Manners, Patriotism, and Business and Professional Integrity. A.C.A. § 6-16-121. African-American History – Teaching materials. A.C.A. § 6-16-122. American Heritage. A.C.A. § 6-16-148. Foundation of certain social studies or history courses offered in grades seven through twelve. A.C.A. § 6-16-154. Holocaust Education. A.C.A. § 6-16-124. Arkansas History – Required Social Studies Course. A.C.A. § 6-17-703. Arkansas History Professional Development. Teacher Note: Not all state statutes apply to the current grade level content.
Skills and Application Throughout the course, students will develop and apply disciplinary literacy skills: reading, writing, speaking, and listening. As students seek answers to compelling and supporting questions, they will examine a variety of primary and secondary sources and communicate responses in multiple ways, including oral, visual, and written forms. Students must be able to select and evaluate sources of information, draw and build upon ideas, explore issues, examine data, and analyze events from the full range of human experience to develop critical thinking skills essential for productive citizens. U.S. History Since 1920 is required by the Standards for Accreditation and does not need Arkansas Department of Education approval. These standards do not meet the Grades 7-12 Arkansas History requirement as defined in Act 787 of 1997. Refer to the Arkansas History Academic Standards written for the course in Grades 7-8 or the Arkansas History Curriculum Framework for the course in Grades 9-12 to fulfill the one semester Arkansas History requirement as defined in Act 787 of 1997.
Primary and Secondary Sources and Disciplinary Literacy Standards The Disciplinary Literacy Standards for History/Social Studies guide students with the specific skills they need to engage with all social studies content. These reading and writing skills are separated by grade bands and include the use of primary and secondary sources, analysis of content from a variety of perspectives, and assessment of the credibility and accuracy of sources. Teachers should access the Disciplinary Literacy Standards Resource for History/Social Studies document through the Division of Elementary and Secondary Education website.
The College, Career, and Civic Life C3 Framework for Social Studies State Standards The acquisition of content knowledge and skills is paramount in a robust social studies program rooted in inquiry. The chart below summarizes social studies practices in four Dimensions.
● Dimensions 1, 3, and 4 of the College, Career, and Civic Life C3 Framework for Social Studies State Standards. These practices should be addressed throughout Grades K-12, building as students acquire the skills. ● Dimension 2 Applying Disciplinary Concepts and Tools sets forth the conceptual content, and the alignment to this dimension is embedded in the KPEs and SPEs.
Dimension 21 Applying Disciplinary Concepts and Tools
Civics
Economics
Geography
History
Social Sciences
● Civic and Political Institutions ● Participation and Deliberation ● Processes, Rules, and Laws
● Economic Decision-Making ● Exchange and Markets ● Growth and Stability ● The National Economy ● The Global Economy
● Geographic Representations: Spatial Views of the World ● Human-Environment Interaction: Place, Regions, and Culture ● Human Populations: Spatial Patterns and Movements ● Global Interconnections: Global Spatial Patterns
● Change, Continuity, and Context ● Perspectives ● Historical Sources and Evidence ● Causation and Argumentation
● Psychology ● Sociology
1 Organizational structure of the Social Studies Academic Standards is based on disciplinary strands in the C3 Framework.
Disciplinary Standards At a Glance
Disciplinary Strand
Disciplinary Standard
Disciplinary Component
● Grade or Course Specific Components
Required Review of Eras 1 - 7 (No longer than 4 weeks) See separate document for Academic Standards ●If there is no gap (students go from 8th grade to 9th grade U.S. History), review should be approximately 1 to 3 weeks ●If there is a gap (students do not take U.S. History in 9th grade), review should be no longer than 4 weeks
Disciplinary Note
The major work of the U.S. History Since 1929 course includes the disciplinary strands of Civics, Economics, Geography, and History. Each disciplinary strand is meant to be taught in an integrated manner, not in isolation. Teacher Note: Concepts of the Civics, Economic, and Geography strands are implicitly addressed in the embedded KPEs and SPEs.
Civics
Economics
Geography
●Civic and Political Institutions ●Participation and Deliberation ●Processes, Rules, and Laws
●Economic Decision-Making ●Exchange and Markets ●Growth and Stability ●The National Economy ●The Global Economy
●Geographic Representations: Spatial Views of the World ●Human-Environment Interaction: Place, Regions, and Culture ●Human Populations: Spatial Patterns and Movements ●Global Interconnections: Global Spatial Patterns",AR_US_History_since_1929_Standards_2022_LS.pdf,"AR_US_History_since_1929_Standards_2022_LS.pdf: Course heading says 'U.S. History Since 1929' but running header says 'U.S. History Since 1890' and Skills text says 'Since 1920'; course title used as in file name/title page.
AR_US_History_since_1929_Standards_2022_LS.pdf: u86-u87, u117-u118, u148-u149 H.5 statement split across two units.
AR_US_History_since_1929_Standards_2022_LS.pdf: u168 contains KPE plus embedded bullets in one unit; labeled standards.
AR_US_History_since_1929_Standards_2022_LS.pdf: K-12 overview and C3 skills labeled course null grades 9-12 (shared HS content)."
AR_09-12_WorldGeography,AR,"[9,10,11,12]",World Geography,World Geography,"Dimension 1
Dimension 3
Dimension 4
Developing Questions and Planning Inquiries
Evaluating Sources and Using Evidence
Communicating Conclusions and Taking
Informed Action
1. Construct compelling questions that promote inquiry around key ideas and issues 2. Develop supporting questions that contribute to inquiry: identifying facts, concepts, and interpretations 3. Answer compelling and supporting questions using appropriate and available sources that consider multiple points of view
4. Gather relevant information from multiple perspectives and a variety of sources; evaluate the credibility of the source by determining its relevance and intended use 5. Use evidence from multiple sources to answer compelling and supporting questions by developing arguments with claims, counterclaims, and explanations
6. Construct arguments and explanations that convey ideas and perspectives to appropriate audiences using print, oral, and digital technologies 7. Critique the credibility, relevance, and use of evidence in arguments and explanations proposed by self and others 8. Use disciplinary lenses within the social sciences to understand local, regional, and global problems, propose solutions, or assess strategies and options for action while applying deliberative processes
K-12 Disciplinary Standards Overview
Civics
Economics
Geography
History
C.1 Students will understand the impact of origins, structures, and functions of institutions and laws on society and citizens. This includes personal civic rights, roles, responsibilities, and processes by which laws are made and amended. C.2 Students will understand the structure and functions of various types of government and how they exercise their powers. C.3 Students will understand the role of citizens in society, the ways the government protects the rights of citizens, the electoral process, and the role of political parties. C.4 Students will understand the process of making and changing laws and the ways institutions work together in carrying out the laws. C.5 Students will understand the impact of origins, structures, and functions of institutions and laws on society and Indigenous peoples. This includes the relationship of the Native nations and the United States during various time periods. C.6 Students will understand the structure and functions of various types of tribal government and how they exercise their powers. This includes the progress and challenges of present-day Native America.
E.1 Students will understand the impact of economic decision-making. This includes the exchange of goods and services; role of producers, consumers, and government in the marketplace; and growth, stability, and interdependence within a global economy. E.2 Students will understand the impact of economic decision-making. This includes considering the marginal costs and benefits of alternatives. E.3 Students will understand the exchange of goods and services. This includes different allocation methods and changes in supply and demand; the role of producers, consumers, and government in a market economy; and the degree of competition among buyers and sellers in markets. E.4 Students will understand the growth, stability, and interdependence within a national economy. This includes the current and future state of the economy using economic indicators and monetary and fiscal policies for a variety of economic conditions. E.5 Students will understand the growth, stability, and interdependence within a global economy. This includes ways in which trade leads to increased economic interdependence. E.6 Students will understand the factors affecting income, wealth, and financial risk. This includes the role of credit in personal finance.
G.1 Students will understand the purpose of geographic tools (e.g., maps, globes, charts, graphs) to understand, analyze, and explain human interaction with each other and with the environment. This includes the spatial characteristics and patterns of human settlement and connections between global regions. G.2 Students will understand the purpose of geographic tools (e.g., maps, globes, charts, graphs) to interpret spatial information. This includes spatial organization of people, cultures, places, and environments within various regions and geographic skills to interpret the past, present, and plan for the future. G.3 Students will understand the characteristics of different physical and cultural regions and how they change over time (through demographic changes, migration, settlement, and conflict). This includes the impact physical geography has on human systems, including politics, culture, economics, and use of resources and how a region or culture interacts with itself, the environment, and other regions and cultures. G.4 Students will understand the impact humans have on the environment. This includes the distribution, management, and consumption of resources. G.5 Students will understand the impact Indigenous peoples have on the environment. This includes the communal view of how Indigenous peoples utilized the land and resources; and the characteristics of the original Indigenous peoples of Arkansas by analyzing artifacts, artwork, and other sources.
H.1 Students will understand chronology, patterns of continuity, and change over time. This includes the contextualization of historical events and ways people gather, view, construct, and interpret historical evidence. H.2 Students will understand key historical periods from the beginning of civilization (World Era 1) through 1500 C.E. (World Era 5). This includes the patterns of social, economic, and political change over time and the ways people view, construct, and interpret the history of nations and cultures of the world. H.3 Students will understand key historical periods from the United States' Beginnings (Era 1) through 1850 (Era 4). This includes the patterns of social, economic, and political change over time and the ways people view, construct, and interpret the history of the United States. H.4 Students will understand key historical periods from Civil War and Reconstruction (Era 5) to the Emergence of Modern America, 1890-1930 (Era 7). This includes the patterns of social, economic, and political change over time and the ways people view, construct, and interpret the history of the United States. H.5 Students will understand key historical periods from the Great Depression and World War II, 1929-1945 (Era 8), to the Contemporary United States, 1968 to Present (Era 10). This includes the patterns of social, economic, and political change over time and the ways people view, construct, and interpret the history of the United States. H.6 Students will understand key historical periods from the Emergence of the First Global Age, 1450-1770 (World Era 6), to the Twentieth Century Since 1945 (World Era 9). This includes the patterns of social, economic, and political change over time and the ways people view, construct, and interpret the history of nations and cultures of the world.
Geography
G.2 Students will understand the purpose of geographic tools (e.g., maps, globes, charts, graphs) to interpret spatial information. This includes the spatial organization of people, cultures, places, and environments within various regions, and geographic skills to interpret the past, the present, and plan for the future.
World in Spatial Terms
● Spatial data to construct maps and other geographic representations using geographic tools and geospatial technologies ● Spatial organization of people, cultures, places, and environments on the Earth’s surface
Geography
G.2 Students will understand the purpose of geographic tools (e.g., maps, globes, charts, graphs) to interpret spatial information. This includes the spatial organization of people, cultures, places, and environments within various regions and geographic skills to interpret the past, the present, and plan for the future.
Places and Regions
● Characteristics that make up a region and predict the impact physical and cultural influences will have on that region in the future
Geography
G.3 Students will understand the characteristics of different physical and cultural regions and how they change over time (through demographic changes, migration, settlement, and conflict). This includes the impact physical geography has on human systems, including politics, culture, economics, and use of resources and how a region or culture interacts with itself, the environment, and other regions and cultures.
Human Systems
● Complex cultural and physical characteristics, distribution, and migration of human population and settlement on the Earth’s surface ● Patterns and networks of economic interdependence among physical and cultural regions; future patterns based on current phenomena
Geography
G.4 Students will understand the impact humans have on the environment. This includes the distribution, management, and consumption of resources.
Environment and Society
● Human Impact on the Environment
Geography - World in Spatial Terms
G.2 Students will understand the purpose of geographic tools (e.g., maps, globes, charts, graphs) to interpret spatial information. This includes the spatial organization of people, cultures, places, and environments within various regions and geographic skills to interpret the past, the present, and plan for the future.
● Spatial data to construct maps and other geographic representations using geographic tools and geospatial technologies ● Spatial organization of people, cultures, places, and environments on the Earth’s surface
G.2.WG.1 Investigate political, cultural, and economic relationships between places and regions using geographic representations and geospatial technologies.
G.2.WG.2 Solve geographic problems created by physical characteristics of places and regions using multiple geographic representations and geospatial technologies.
G.2.WG.3 Analyze various forms of maps that illustrate multiple points of view.
G.2.WG.4 Create geographic representations to illustrate demographic information using data collected from a variety of sources.
G.2.WG.5 Analyze the spatial organization of people, places, and environments using location, distance, direction, scale, movement, region, and density.
G.2.WG.6
Research the impact of interdependence and accessibility among people, places, and environments.
G.2.WG.7 Use spatial data to answer student-generated questions about the relationships between spatial organization of people and places, people and environment, and places and environments.
Geography - Places and Regions
G.2 Students will understand the purpose of geographic tools (e.g., maps, globes, charts, graphs) to interpret spatial information. This includes the spatial organization of people, cultures, places, and environments within various regions and geographic skills to interpret the past, the present, and plan for the future.
● Characteristics that make up a region and predict the impact physical and cultural influences will have on that region in the future
G.2.WG.8 Analyze the impact of physical characteristics and human influences on the creation of various regions by examining spatial patterns, geographic representations, and available geospatial technologies.
G.2.WG.9 Compare the changes over time on the boundaries and characteristics of regions caused by various factors using geographic representations and data (e.g., climate, technology, migration, conflict, government).
G.2.WG.10 Analyze the impact of cultural and social factors on individuals’ varying perceptions of places and regions created by physical characteristics and human influences.
G.2.WG.11 Use the physical and cultural characteristics of regions to justify the creation of a new region based on current trends and data.
Geography - Human Systems
G.3 Students will understand the characteristics of different physical and cultural regions and how they change over time (through demographic changes, migration, settlement, and conflict). This includes the impact physical geography has on human systems, including politics, culture, economics, and use of resources and how a region or culture interacts with itself, the environment, and other regions and cultures.
● Complex cultural and physical characteristics, distribution, and migration of human population and settlement on the Earth’s surface ● Patterns and networks of economic interdependence among physical and cultural regions; future patterns based on current phenomena
G.3.WG.1 Use demographic data to characterize the populations of various places and reasons for the changes over time (e.g., birth rates, death rates, gender, Holocaust, age, race, ethnicity).
G.3.WG.2 Analyze the effects of various influences on population distribution and migration on society (e.g., history, migration, physical environment, economy, politics, technology, climate, land use, resources).
G.3.WG.3 Analyze various push-and pull factors that lead to migration and changes in these factors over time.
G.3.WG.4 Analyze a variety of factors that create cultural regions and affect spatial patterns and movements of various cultures (e.g., attitudes, beliefs, languages, ethnicity, gender).
G.3.WG.5 Examine varying attitudes among different cultures toward the uses of natural and human resources.
G.3.WG.6 Evaluate societal changes resulting from cultural diffusion and cultural convergence.
G.3.WG.7 Analyze changes in the environment and cultural characteristics of a place or region that influence spatial patterns of trade and land use over time.
G.3.WG.8 Evaluate the benefits of various locations in terms of natural, human, and capital resources.
G.3.WG.9
Evaluate how economic globalization and the expanding use of scarce resources contribute to conflict and cooperation within and among countries.
G.3.WG.10 Examine the diffusion of a phenomenon and its impact on various regions of contact (e.g., spread of infectious disease, invasive plants, invasive animals).
Geography - Environment and Society
G.4 Students will understand the impact humans have on the environment. This includes the distribution, management, and consumption of resources.
● Human Impact on the Environment
G.4.WG.1 Analyze effects of changes made by humans on the physical environment (e.g., industrialization, agricultural, rural land use, urban land use, mining, forestry).
G.4.WG.2 Analyze ways people have used technology to adapt to and modify the physical environment.
G.4.WG.3 Research consequences of human-made and natural catastrophes on global trade, politics, and human migration using a variety of primary and secondary sources.","Course Focus and Content In Grades K-6, students develop foundational geographic knowledge and skills. In Grade 5, students hone skills and understanding of cultural and physical geography as they examine the various regions of the world. World Geography in Grades 9-12 continues to deepen geographic reasoning, knowledge, and skills as students focus on spatial relationships, places, regions, and human systems. This course emphasizes the application of geographic thinking skills to students’ immediate world around them, including their local communities and cities. Students will use spatial and environmental perspectives and available geospatial technologies to analyze and interpret a variety of geographic representations, pictorial and graphic evidence, and data. This type of geographic inquiry helps students understand and appreciate their own place in the world and fosters curiosity about Earth’s wide diversity of environments and cultures. This course lends itself to students examining global issues through case studies of countries and regions. Through this course students will be able to recognize and understand spatial patterns and relationships.","Social Studies Academic Standards
Revised 2022
Course/Unit Credit: 0.5 Course Number: 474600 Teacher Licensure: Please refer to the Course Code Management System (https://adedata.arkansas.gov/ccms/) for the most current licensure codes. Grades: 9-12 Prerequisites:
None
Integrating Standards and Selecting Content Topics The disciplinary strands, standards, components, and the Knowledge and Skill Performance Expectations (KPEs and SPEs) are meant to be taught in an integrated manner, not in isolation. For example, a student might be studying an historical event or person while also learning specific civics, economics, geography, and/or history standards. The KPEs and SPEs require conceptual understanding which can be applied to future learning and additional content that may not be listed in the standards. The goal of knowledge acquisition in K-12 is for students to build knowledge and have experiences with content topics connected to their communities, the state of Arkansas, the United States, and the world. A thematic continuum of learning is provided to clarify (Figure 1) the expansion of learning from community to state to the world.
Figure 1
Related Laws for Social Studies A.C.A. § 1-5-109. Prisoners of War Remembrance Day. A.C.A. § 1-5-112. POW/MIA Recognition Day. A.C.A. § 1-5-113. Native American Heritage Week. A.C.A. § 1-5-114. Juneteenth Independence Day. A.C.A. § 1-5-119. Sultana Disaster Remembrance Day. A.C.A. § 6-16-101. Celebrate Freedom Week. A.C.A. § 6-16-105. United States Flag. A.C.A. § 6-16-106. Arkansas Flag. A.C.A. § 6-16-107. Patriotic Observances Generally. A.C.A. § 6-16-108. Recitation of the Pledge of Allegiance. A.C.A. § 6-16-111. Morals, Manners, Patriotism, and Business and Professional Integrity. A.C.A. § 6-16-121. African-American History – Teaching materials. A.C.A. § 6-16-122. American Heritage. A.C.A. § 6-16-148. Foundation of certain social studies or history courses offered in grades seven through twelve. A.C.A. § 6-16-154. Holocaust Education. A.C.A. § 6-16-124. Arkansas History – Required Social Studies Course. A.C.A. § 6-17-703. Arkansas History Professional Development. Teacher Note: Not all state statutes apply to the current grade level content.
Skills and Application Throughout the course, students will develop and apply geographic thinking skills as well as disciplinary literacy skills. Some of these skills include map reading, spatial thinking, analyzing data, comparing and contrasting, and researching. As students interact with primary and secondary sources and show their understanding in a variety of ways, including oral, visual, and written forms. Students must be able to select and evaluate sources of information, draw and build upon ideas, explore issues, examine data, and analyze issues from multiple perspectives. After this course, students will have foundational skills to use in their subsequent social studies courses. World Geography is required by the Standards for Accreditation. These standards do not meet the Grades 7-12 Arkansas History requirement as defined in Act 787 of 1997. Refer to the Arkansas History Academic Standards written for the course in Grades 7-8 or the Arkansas History Curriculum Framework for the course in Grades 9-12 to fulfill the one-semester Arkansas History requirement as defined in Act 787 of 1997.
Primary and Secondary Sources and Disciplinary Literacy Standards The Disciplinary Literacy Standards for History/Social Studies guide students with the specific skills they need to engage with all social studies content. These reading and writing skills are separated by grade bands and include the use of primary and secondary sources, analysis of content from a variety of perspectives, and assessment of the credibility and accuracy of sources. Teachers should access the Disciplinary Literacy Standards Resource for History/Social Studies document through the Division of Elementary and Secondary Education website.
The College, Career, and Civic Life C3 Framework for Social Studies State Standards The acquisition of content knowledge and skills is paramount in a robust social studies program rooted in inquiry. The chart below summarizes social studies practices in four Dimensions.
● Dimensions 1, 3, and 4 of the College, Career, and Civic Life C3 Framework for Social Studies State Standards. These practices should be addressed throughout Grades K-12, building as students acquire the skills. ● Dimension 2 Applying Disciplinary Concepts and Tools sets forth the conceptual content, and the alignment to this dimension is embedded in the KPEs and SPEs.
Dimension 21 Applying Disciplinary Concepts and Tools
Civics
Economics
Geography
History
Social Sciences
● Civic and Political Institutions ● Participation and Deliberation ● Processes, Rules, and Laws
● Economic Decision-Making ● Exchange and Markets ● Growth and Stability ● The National Economy ● The Global Economy
● Geographic Representations: Spatial Views of the World ● Human-Environment Interaction: Place, Regions, and Culture ● Human Populations: Spatial Patterns and Movements ● Global Interconnections: Global Spatial Patterns
● Change, Continuity, and Context ● Perspectives ● Historical Sources and Evidence ● Causation and Argumentation
● Psychology ● Sociology
1 Organizational structure of the Social Studies Academic Standards is based on disciplinary strands in the C3 Framework.
Disciplinary Standards At a Glance
Disciplinary Strand
Disciplinary Standard
Disciplinary Component
● Grade or Course Specific Components
Disciplinary Note
The major work of the World Geography course includes the disciplinary strands of Civics, Economics, Geography, and History. Each disciplinary strand is meant to be taught in an integrated manner, not in isolation. Teacher Note: Concepts of the Civics, Economic, and History strands are implicitly addressed in the embedded KPEs and SPEs.
Civics
Economics
History
●Civic and Political Institutions ●Participation and Deliberation ●Processes, Rules, and Laws
●Economic Decision-Making ●Exchange and Markets ●Growth and Stability ●The National Economy ●The Global Economy
●Change, Continuity, and Context ●Perspectives ●Historical Sources and Evidence ●Causation and Argumentation",AR_World_Geography_Standards_2022_LS.pdf,"AR_World_Geography_Standards_2022_LS.pdf: u106 and u111 (G.2.WG.6 code on one page, text on next) and u139/u144 (G.3.WG.9) are split across pages; labeled together as one range.
AR_World_Geography_Standards_2022_LS.pdf: K-12 overview and C3 skills labeled course null grades 9-12 (shared HS content)."
AR_09-12_WorldHistorySince1450,AR,"[9,10,11,12]",World History since 1450,World History since 1450,"Dimension 1
Dimension 3
Dimension 4
Developing Questions and Planning Inquiries
Evaluating Sources and Using Evidence
Communicating Conclusions and Taking
Informed Action
1. Construct compelling questions that promote inquiry around key ideas and issues 2. Develop supporting questions that contribute to inquiry: identifying facts, concepts, and interpretations 3. Answer compelling and supporting questions using appropriate and available sources that consider multiple points of view
4. Gather relevant information from multiple perspectives and a variety of sources; evaluate the credibility of the source by determining its relevance and intended use 5. Use evidence from multiple sources to answer compelling and supporting questions by developing arguments with claims, counterclaims, and explanations
6. Construct arguments and explanations that convey ideas and perspectives to appropriate audiences using print, oral, and digital technologies 7. Critique the credibility, relevance, and use of evidence in arguments and explanations proposed by self and others 8. Use disciplinary lenses within the social sciences to understand local, regional, and global problems, propose solutions, or assess strategies and options for action while applying deliberative processes
K-12 Disciplinary Standards Overview
Civics
Economics
Geography
History
C.1 Students will understand the impact of origins, structures, and functions of institutions and laws on society and citizens. This includes personal civic rights, roles, responsibilities, and processes by which laws are made and amended. C.2 Students will understand the structure and functions of various types of government and how they exercise their powers. C.3 Students will understand the role of citizens in society, the ways the government protects the rights of citizens, the electoral process, and the role of political parties. C.4 Students will understand the process of making and changing laws and the ways institutions work together in carrying out the laws. C.5 Students will understand the impact of origins, structures, and functions of institutions and laws on society and Indigenous peoples. This includes the relationship of the Native nations and the United States during various time periods. C.6 Students will understand the structure and functions of various types of tribal government and how they exercise their powers. This includes the progress and challenges of present-day Native America.
E.1 Students will understand the impact of economic decision-making. This includes the exchange of goods and services; role of producers, consumers, and government in the marketplace; and growth, stability, and interdependence within a global economy. E.2 Students will understand the impact of economic decision-making. This includes considering the marginal costs and benefits of alternatives. E.3 Students will understand the exchange of goods and services. This includes different allocation methods and changes in supply and demand; the role of producers, consumers, and government in a market economy; and the degree of competition among buyers and sellers in markets. E.4 Students will understand the growth, stability, and interdependence within a national economy. This includes the current and future state of the economy using economic indicators and monetary and fiscal policies for a variety of economic conditions. E.5 Students will understand the growth, stability, and interdependence within a global economy. This includes ways in which trade leads to increased economic interdependence. E.6 Students will understand the factors affecting income, wealth, and financial risk. This includes the role of credit in personal finance.
G.1 Students will understand the purpose of geographic tools (e.g., maps, globes, charts, graphs) to understand, analyze, and explain human interaction with each other and with the environment. This includes the spatial characteristics and patterns of human settlement and connections between global regions. G.2 Students will understand the purpose of geographic tools (e.g., maps, globes, charts, graphs) to interpret spatial information. This includes spatial organization of people, cultures, places, and environments within various regions and geographic skills to interpret the past, present, and plan for the future. G.3 Students will understand the characteristics of different physical and cultural regions and how they change over time (through demographic changes, migration, settlement, and conflict). This includes the impact physical geography has on human systems, including politics, culture, economics, and use of resources and how a region or culture interacts with itself, the environment, and other regions and cultures. G.4 Students will understand the impact humans have on the environment. This includes the distribution, management, and consumption of resources. G.5 Students will understand the impact Indigenous peoples have on the environment. This includes the communal view of how Indigenous peoples utilized the land and resources; and the characteristics of the original Indigenous peoples of Arkansas by analyzing artifacts, artwork, and other sources.
H.1 Students will understand chronology, patterns of continuity, and change over time. This includes the contextualization of historical events and ways people gather, view, construct, and interpret historical evidence. H.2 Students will understand key historical periods from the beginning of civilization (World Era 1) through 1500 C.E. (World Era 5). This includes the patterns of social, economic, and political change over time and the ways people view, construct, and interpret the history of nations and cultures of the world. H.3 Students will understand key historical periods from the United States' Beginnings (Era 1) through 1850 (Era 4). This includes the patterns of social, economic, and political change over time and the ways people view, construct, and interpret the history of the United States. H.4 Students will understand key historical periods from Civil War and Reconstruction (Era 5) to the Emergence of Modern America, 1890-1930 (Era 7). This includes the patterns of social, economic, and political change over time and the ways people view, construct, and interpret the history of the United States. H.5 Students will understand key historical periods from the Great Depression and World War II, 1929-1945 (Era 8), to the Contemporary United States, 1968 to Present (Era 10). This includes the patterns of social, economic, and political change over time and the ways people view, construct, and interpret the history of the United States. H.6 Students will understand key historical periods from the Emergence of the First Global Age, 1450-1770 (World Era 6), to the Twentieth Century Since 1945 (World Era 9). This includes the patterns of social, economic, and political change over time and the ways people view, construct, and interpret the history of nations and cultures of the world.
History
H.6 Students will understand key historical periods from the Emergence of the First Global Age, 1450-1770 (World Era 6) to the Twentieth Century Since 1945 (World Era 9). This includes the patterns of social, economic, and political change over time and the ways people view, construct, and interpret the history of nations and cultures of the world.
World History since 1450 (World Era 6 through World Era 9)
World Era 6: 1450-1770
● Emergence of First Global Age - Transformations and innovations of nations and cultures of the world (WE6)
World Era 7: 1750-1900
● Age of Revolutions - Global revolutionary changes that shaped the emerging modern world (WE7)
World Era 8: 1900-1945
● Crisis and Achievement - Reasons for and consequences of early 20th century crises and achievements (WE8)
World Era 9: Since 1945
● Contemporary World - Challenges and accomplishments of the contemporary world (WE9)
H.6 Students will understand key historical periods from the emergence of the First Global Age, 1450-1770 (World Era 6), to the Twentieth Century Since 1945 (World Era 9). This includes the patterns of social, economic, and political change over time and the ways people view, construct, and interpret the history of nations and cultures of the world.
World Era 6: 1450-1770, Emergence of First Global Age - Transformations and innovations of nations and cultures of the world
H.6.WH.1 Demonstrate proper etiquette for interacting with the Arkansas and American flags while analyzing the role of flags and symbols in world history.
H.6.WH.2 Analyze the motivations that led to the exploration and the expansion of empires:
●Belief systems ●Economic ●Political ●Social
H.6.WH.3 Analyze the development of social, economic, political, and geographic transformations of regional connections into global trade networks.
H.6.WH.4 Analyze the social, economic, political, and geographic effects of the expansion of empires in the eastern and western hemispheres from 1450-1770.
H.6.WH.5 Evaluate the origin and effects of science and technology on the transformation of the first global age.
H.6.WH.6 Evaluate ways in which globalization and the scarcity of resources contributed to conflict and cooperation within and among groups and empires.
H.6.WH.7 Analyze complex and interacting factors that influenced the perspectives of people, including the Enlightenment and Age of Reason, Protestant Reformation, the Renaissance, rise of the humanities, and Scientific Revolution.
H.6.WH.8 Analyze ways in which current interpretations of the past are limited by the extent to which available historical sources represent the perspectives of people at the time.
H.6.WH.9 Construct historical arguments or explanations about significant transformations and innovations of the first global age utilizing evidence from a variety of primary and secondary sources.
H.6 Students will understand key historical periods from the Emergence of the First Global Age, 1450-1770 (World Era 6) to the Twentieth Century Since 1945 (World Era 9). This includes the patterns of social, economic, and political change over time and the ways people view, construct, and interpret the history of nations and cultures of the world.
World Era 7: 1750-1900, Age of Revolutions - Global revolutionary changes that shaped the emerging modern world
H.6.WH.10 Evaluate the development, expansion, and effects of industrialization in Europe, Asia, Africa, and the Americas.
H.6.WH.11 Analyze the social, economic, and political ideas, including self-determination, liberty, and human rights, that influenced the 18th and 19th-century revolutions.
H.6.WH.12 Analyze written documents that both articulate and contest the powers, responsibilities, and limits of a variety of governments over time.
H.6.WH.13 Analyze causes and consequences of voluntary and forced mass migration, including the efforts to reform such practices.
H.6.WH.14 Compare the social and economic impact of different labor systems in the Age of Revolutions.
H.6.WH.15 Analyze the causes and effects of European imperialism and new patterns of colonization in Asia, Africa, and Latin America in the 19th century, including the impact of advancements in medicine, weaponry, and technology.
H.6.WH.16 Analyze ways in which the perspectives of people in the present shape interpretations of the past, using available technology.
H.6.WH.17 Construct historical arguments or explanations about global changes caused directly or indirectly by economic and political revolutions, using primary and secondary sources.
H.6 Students will understand key historical periods from the Emergence of the first Global Age, 1450-1770 (World Era 6) to the Twentieth Century Since 1945 (World Era 9). This includes the patterns of social, economic, and political change over time and the ways people view, construct, and interpret the history of nations and cultures of the world.
World Era 8: 1900-1945, Crisis and Achievement - Reasons for and consequences of early 20th century crises and achievements
H.6.WH.18 Compare the complex causes of revolutions worldwide in various regions such as Eastern Europe, Russia, Northern Africa, Southern Africa, China, Vietnam, India, South America, and Central America.
H.6.WH.19 Examine the outcomes of social, economic, and political transformations in the West, Africa, Asia, Middle East, and Latin America.
H.6.WH.20 Examine causes of global conflict in the first half of the 20th century leading up to the outbreak of World War I and World War II, including the role of imperialistic and nationalistic rivalries, alliances, militarism, fascism, totalitarianism, and communism.
H.6.WH.21 Analyze short- and long-term outcomes of World War I and World War II from multiple perspectives.
H.6.WH.22 Analyze the impact of advances in science and technology on World War I and World War II.
H.6.WH.23 Analyze the causes and long-term effects of the Holocaust, including European antisemitism and 19th-century ideas about race and racial identity, Nazi dehumanization tactics, the state-sponsored persecution and attempted annihilation of Jews and other groups, and its effects on Zionism and the establishment of the modern state of Israel.
H.6.WH.24 Compare and contrast the impact of political and military leadership of Axis and Allied powers during World War II.
H.6.WH.25 Analyze the changes in cultural and social life due to artistic and literary movements and scientific and technological innovations.
H.6.WH.26 Use academically appropriate sources to answer student-generated compelling and supporting questions about major conflicts in the early 20th century.
H.6.WH.27 Analyze ways in which the perspectives of people in the present shape interpretations of the past using multiple sources and available data and technology.
H.6.WH.28 Construct explanations about early to mid-20th-century events using multiple sources and available data and technology.
H.6 Students will understand key historical periods from the Emergence of the First Global Age, 1450-1770 (World Era 6), to the Twentieth Century Since 1945 (World Era 9). This includes the patterns of social, economic, and political change over time and the ways people view, construct, and interpret the history of nations and cultures of the world.
World Era 9: Since 1945, Contemporary World - Challenges and accomplishments of the contemporary world
H.6.WH.29 Analyze the change and continuity in global power after World War II, including the growing rivalry between Communist and democratic governments in various regions:
● Africa ● The Americas ● Asia ● Europe ● Middle East
H.6.WH.30 Evaluate social, economical, political, and technological causes and effects of accelerating global interdependence resulting from deepening Cold War tensions.
H.6.WH.31 Analyze short- and long-term causes and effects of the following on humanity:
● Disease ● Famine ● Genocide ● Loss of natural resources ● Terrorism
H.6.WH.32 Assess geographic, human, and economic costs of war using evidence from multiple sources and perspectives:
●Disease ●Famine ●Genocide ●Loss of natural resources ●Terrorism
H.6.WH.33 Assess the social, economic, political, and technological efforts to address global poverty, food and water access, healthcare, and equal human rights among the world’s peoples.
H.6.WH.34 Construct explanations about the consequences of human-made and natural disasters as they affect global trade, politics, and human migration.
H.6.WH.35 Analyze ways historical contexts continue to shape people’s perspectives.","Course Focus and Content In Grade 6, students study world history from the beginnings of human civilization through 1500 CE, correlating civics, economics, and geography to the historic eras. World History 9-12 provides an in-depth study of the history of human society from Era 6: Emergence of First Global Age 1450-1770 to Era 9: Twentieth Century since 1945. World History is designed to assist students in understanding the human condition, how people and countries of the world have become increasingly interconnected across time and space, and the ways different people view the same event or issue from a variety of perspectives. This course develops an understanding of the historical roots of current world issues, especially as they pertain to international/global relations. It requires an understanding of world cultures and civilizations, including an analysis of important ideas, social and cultural values, beliefs, and traditions. World History references the eras and time periods from the National Center for History in the Schools.
This may include:
● American Revolution ● French Revolution ● Haitian Revolution ● Latin American Wars for Independence ● Norwegian War for Independence ● Scottish Rebellion ● United Irish Rebellion
This may include cultural practices, resource availability, the plantation system, urbanization, industrialization, conflict migration, and transatlantic abolitionism.","World History
Since 1450
Social Studies Academic Standards
Revised 2022
Course/Unit Credit: 1 Course Number: 471000 Teacher Licensure: Please refer to the Course Code Management System (https://adedata.arkansas.gov/ccms/) for the most current licensure codes. Grades: 9-12 Prerequisites:
None
Integrating Standards and Selecting Content Topics The disciplinary strands, standards, components, and the Knowledge and Skill Performance Expectations (KPEs and SPEs) are meant to be taught in an integrated manner, not in isolation. For example, a student might be studying an historical event or person while also learning specific civics, economics, geography, and/or history standards. The KPEs and SPEs require conceptual understanding which can be applied to future learning and additional content that may not be listed in the standards. The goal of knowledge acquisition in K-12 is for students to build knowledge and have experiences with content topics connected to their communities, the state of Arkansas, the United States, and the world. A thematic continuum of learning is provided to clarify (Figure 1) the expansion of learning from community to state to the world.
Figure 1
Related Laws for Social Studies A.C.A. § 1-5-109. Prisoners of War Remembrance Day. A.C.A. § 1-5-112. POW/MIA Recognition Day. A.C.A. § 1-5-113. Native American Heritage Week. A.C.A. § 1-5-114. Juneteenth Independence Day. A.C.A. § 1-5-119. Sultana Disaster Remembrance Day. A.C.A. § 6-16-101. Celebrate Freedom Week. A.C.A. § 6-16-105. United States Flag. A.C.A. § 6-16-106. Arkansas Flag. A.C.A. § 6-16-107. Patriotic Observances Generally. A.C.A. § 6-16-108. Recitation of the Pledge of Allegiance. A.C.A. § 6-16-111. Morals, Manners, Patriotism, and Business and Professional Integrity. A.C.A. § 6-16-121. African-American History – Teaching materials. A.C.A. § 6-16-122. American Heritage. A.C.A. § 6-16-148. Foundation of certain social studies or history courses offered in grades seven through twelve. A.C.A. § 6-16-154. Holocaust Education. A.C.A. § 6-16-124. Arkansas History – Required Social Studies Course. A.C.A. § 6-17-703. Arkansas History Professional Development. Teacher Note: Not all state statutes apply to the current grade level content.
Skills and Application Throughout the course, students will develop and apply disciplinary literacy skills: reading, writing, speaking, and listening. As students seek answers to compelling and supporting questions, they will examine a variety of primary and secondary sources and communicate responses in multiple ways, including oral, visual, and written forms. Students must be able to select and evaluate sources of information, draw and build upon ideas, explore issues, examine data, and analyze events from the full range of human experience to develop critical thinking skills essential for productive citizens. World History Since 1450 is required by the Standards for Accreditation and does not need Arkansas Department of Education approval. These standards do not meet the Grades 7-12 Arkansas History requirement as defined in Act 787 of 1997. Refer to the Arkansas History Academic Standards written for the course in Grades 7-8 or the Arkansas History Curriculum Framework for the course in Grades 9-12 to fulfill the one semester Arkansas History requirement as defined in Act 787 of 1997.
Primary and Secondary Sources and Disciplinary Literacy Standards The Disciplinary Literacy Standards for History/Social Studies guide students with the specific skills they need to engage with all social studies content. These reading and writing skills are separated by grade bands and include the use of primary and secondary sources, analysis of content from a variety of perspectives, and assessment of the credibility and accuracy of sources. Teachers should access the Disciplinary Literacy Standards Resource for History/Social Studies document through the Division of Elementary and Secondary Education website.
The College, Career, and Civic Life C3 Framework for Social Studies State Standards The acquisition of content knowledge and skills is paramount in a robust social studies program rooted in inquiry. The chart below summarizes social studies practices in four Dimensions.
● Dimensions 1, 3, and 4 of the College, Career, and Civic Life C3 Framework for Social Studies State Standards. These practices should be addressed throughout Grades K-12, building as students acquire the skills. ● Dimension 2 Applying Disciplinary Concepts and Tools sets forth the conceptual content, and the alignment to this dimension is embedded in the KPEs and SPEs.
Dimension 21 Applying Disciplinary Concepts and Tools
Civics
Economics
Geography
History
Social Sciences
● Civic and Political Institutions ● Participation and Deliberation ● Processes, Rules, and Laws
● Economic Decision-Making ● Exchange and Markets ● Growth and Stability ● The National Economy ● The Global Economy
● Geographic Representations: Spatial Views of the World ● Human-Environment Interaction: Place, Regions, and Culture ● Human Populations: Spatial Patterns and Movements ● Global Interconnections: Global Spatial Patterns
● Change, Continuity, and Context ● Perspectives ● Historical Sources and Evidence ● Causation and Argumentation
● Psychology ● Sociology
1 Organizational structure of the Social Studies Academic Standards is based on disciplinary strands in the C3 Framework.
Disciplinary Standards At a Glance
Disciplinary Strand
Disciplinary Standard
Disciplinary Component
● Grade or Course Specific Components
Disciplinary Note
The major work of the World History (Since 1450) course includes the disciplinary strands of Civics, Economics, Geography, and History. Each disciplinary strand is meant to be taught in an integrated manner, not in isolation. Teacher Note: Concepts of the Civics, Economic, and Geography strands are implicitly addressed in the embedded KPEs and SPEs.
Civics
Economics
Geography
●Civic and Political Institutions ●Participation and Deliberation ●Processes, Rules, and Laws
●Economic Decision-Making ●Exchange and Markets ●Growth and Stability ●The National Economy ●The Global Economy
●Geographic Representations: Spatial Views of the World ●Human-Environment Interaction: Place, Regions, and Culture ●Human Populations: Spatial Patterns and Movements ●Global Interconnections: Global Spatial Patterns
Disciplinary Strand
Disciplinary Standard
Disciplinary Component
Grade
Knowledge and Skill Performance Expectation",AR_World_History_since_1450_Standards_2022_LS.pdf,"AR_World_History_since_1450_Standards_2022_LS.pdf: u164-u165 (H.6.WH.32) bulleted list duplicates the H.6.WH.31 list (Disease, Famine, ...), likely a source error; kept as standards.
AR_World_History_since_1450_Standards_2022_LS.pdf: u86-u90 is a stray KPE table heading row (Disciplinary Strand/Standard/Component/Grade/KPE); labeled backup.
AR_World_History_since_1450_Standards_2022_LS.pdf: K-12 overview and C3 skills labeled course null grades 9-12 (shared HS content)."
AR_ALL,AR,[ALL],,,,,"[running headers/footers] African American History | African American History Academic Standards & Disciplinary Concepts | African American History Academic Standards - Revised 2022 Arkansas Department of Education | Division of Elementary & Secondary Education | Page 2 of 13 | Page 3 of 13 | Page 4 of 13 | Page 5 of 13 | Page 6 of 13 | Page 7 of 13 | Knowledge and Skill Performance Expectations | Page 8 of 13 | Era 3 | Page 9 of 13 | Page 10 of 13 | Era 6 | Page 11 of 13 | Era 8 | Era 9 | Page 12 of 13 | Era 10 | Page 13 of 13
[running headers/footers] Civics | Academic Standards & Disciplinary Concepts | Civics Academic Standards - Revised 2022 | Arkansas Department of Education | Division of Elementary & Secondary Education | Page 2 of 14 | Page 3 of 14 | Page 4 of 14 | Page 5 of 14 | Page 6 of 14 | Knowledge and Skill Performance Expectations | Page 7 of 14 | Page 8 of 14 | Page 9 of 14 | Page 10 of 14 | Page 11 of 14 | Page 12 of 14 | Page 13 of 14 | Page 14 of 14
[running headers/footers] Economics with Personal Finance | Economics with Personal Finance Academic Standards & Disciplinary Concepts | Economics with Personal Finance Academic Standards - Revised 2022 Arkansas Department of Education | Division of Elementary & Secondary Education | Page 2 of 16 | Page 3 of 16 | Page 4 of 16 | Page 5 of 16 | Page 6 of 16 | Page 7 of 16 | Economics | Knowledge and Skill Performance Expectations | Personal Finance Alignment | Page 8 of 16 | Page 9 of 16 | Page 10 of 16 | Page 11 of 16 | Page 12 of 16 | Page 13 of 16 | Page 14 of 16 | Page 15 of 16 | Page 16 of 16
Social Studies Academic Standards
Revised 2022
Integrating Standards and Selecting Content Topics The disciplinary strands, standards, components, and the Knowledge and Skill Performance Expectations (KPEs and SPEs) are meant to be taught in an integrated manner, not in isolation. For example, a student might be studying an historical event or person while also learning specific civics, economics, geography, and/or history standards. The KPEs and SPEs require conceptual understanding which can be applied to future learning and additional content that may not be listed in the standards. The goal of knowledge acquisition in K-12 is for students to build knowledge and have experiences with content topics connected to their communities, the state of Arkansas, the United States, and the world. A thematic continuum of learning is provided to clarify (Figure 1) the expansion of learning from community to state to the world.
Figure 1
Related Laws for Social Studies A.C.A. § 1-5-109. Prisoners of War Remembrance Day. A.C.A. § 1-5-112. POW/MIA Recognition Day. A.C.A. § 1-5-113. Native American Heritage Week. A.C.A. § 1-5-114. Juneteenth Independence Day. A.C.A. § 1-5-119. Sultana Disaster Remembrance Day. A.C.A. § 6-16-101. Celebrate Freedom Week. A.C.A. § 6-16-105. United States Flag. A.C.A. § 6-16-106. Arkansas Flag. A.C.A. § 6-16-107. Patriotic Observances Generally. A.C.A. § 6-16-108. Recitation of the Pledge of Allegiance. A.C.A. § 6-16-111. Morals, Manners, Patriotism, and Business and Professional Integrity. A.C.A. § 6-16-121. African-American History – Teaching materials. A.C.A. § 6-16-122. American Heritage. A.C.A. § 6-16-148. Foundation of certain social studies or history courses offered in grades seven through twelve. A.C.A. § 6-16-154. Holocaust Education. A.C.A. § 6-16-124. Arkansas History – Required Social Studies Course. A.C.A. § 6-17-703. Arkansas History Professional Development. Teacher Note: Not all state statutes apply to the current grade level content.
Skills and Application Throughout the course, students will develop and apply geographic thinking skills as well as disciplinary literacy skills. Some of these skills include map reading, spatial thinking, analyzing data, comparing and contrasting, and researching. As students interact with primary and secondary sources and show their understanding in a variety of ways, including oral, visual, and written forms. Students must be able to select and evaluate sources of information, draw and build upon ideas, explore issues, examine data, and analyze issues from multiple perspectives. After this course, students will have foundational skills to use in their subsequent social studies courses. Grade 7 Social Studies is required by the Standards for Accreditation.
Primary and Secondary Sources and Disciplinary Literacy Standards The Disciplinary Literacy Standards for History/Social Studies guide students with the specific skills they need to engage with all social studies content. These reading and writing skills are separated by grade bands and include the use of primary and secondary sources, analysis of content from a variety of perspectives, and assessment of the credibility and accuracy of sources. Teachers should access the Disciplinary Literacy Standards Resource for History/Social Studies document through the Division of Elementary and Secondary Education website.
The College, Career, and Civic Life C3 Framework for Social Studies State Standards The acquisition of content knowledge and skills is paramount in a robust social studies program rooted in inquiry. The chart below summarizes social studies practices in four Dimensions.
● Dimensions 1, 3, and 4 of the College, Career, and Civic Life C3 Framework for Social Studies State Standards. These practices should be addressed throughout Grades K-12, building as students acquire the skills. ● Dimension 2 Applying Disciplinary Concepts and Tools sets forth the conceptual content, and the alignment to this dimension is embedded in the KPEs and SPEs.
Dimension 21 Applying Disciplinary Concepts and Tools
Civics
Economics
Geography
History
Social Sciences
● Civic and Political Institutions ● Participation and Deliberation ● Processes, Rules, and Laws
● Economic Decision-Making ● Exchange and Markets ● Growth and Stability ● The National Economy ● The Global Economy
● Geographic Representations: Spatial Views of the World ● Human-Environment Interaction: Place, Regions, and Culture ● Human Populations: Spatial Patterns and Movements ● Global Interconnections: Global Spatial Patterns
● Change, Continuity, and Context ● Perspectives ● Historical Sources and Evidence ● Causation and Argumentation
● Psychology ● Sociology
1 Organizational structure of the Social Studies Academic Standards is based on disciplinary strands in the C3 Framework.
Disciplinary Standards At a Glance
Disciplinary Strand
Disciplinary Standard
Disciplinary Component
● Grade or Course Specific Components
Disciplinary Strand
Disciplinary Standard
Disciplinary Component
Grade
Knowledge and Skill Performance Expectation
[running headers/footers] Grade 7 | Social Studies Academic Standards & Disciplinary Concepts | Grade 7 Social Studies Academic Standards - Revised 2022 Arkansas Department of Education | Division of Elementary & Secondary Education | Page 2 of 21 | Page 3 of 21 | Page 4 of 21 | Page 5 of 21 | Page 6 of 21 | Page 7 of 21 | Knowledge and Skill Performance Expectations | Page 8 of 21 | Page 9 of 21 | Page 10 of 21 | Page 11 of 21 | Page 12 of 21 | Page 13 of 21 | Page 14 of 21 | Page 15 of 21 | Page 16 of 21 | Page 17 of 21 | Page 18 of 21 | Page 19 of 21 | Page 20 of 21 | Page 21 of 21
Social Studies Academic Standards
Revised 2022
Integrating Standards and Selecting Content Topics The disciplinary strands, standards, components, and the Knowledge and Skill Performance Expectations (KPEs and SPEs) are meant to be taught in an integrated manner, not in isolation. For example, a student might be studying an historical event or person while also learning specific civics, economics, geography, and/or history standards. The KPEs and SPEs require conceptual understanding which can be applied to future learning and additional content that may not be listed in the standards. The goal of knowledge acquisition in K-12 is for students to build knowledge and have experiences with content topics connected to their communities, the state of Arkansas, the United States, and the world. A thematic continuum of learning is provided to clarify (Figure 1) the expansion of learning from community to state to the world.
Figure 1
Related Laws for Social Studies A.C.A. § 1-5-109. Prisoners of War Remembrance Day. A.C.A. § 1-5-112. POW/MIA Recognition Day. A.C.A. § 1-5-113. Native American Heritage Week. A.C.A. § 1-5-114. Juneteenth Independence Day. A.C.A. § 1-5-119. Sultana Disaster Remembrance Day. A.C.A. § 6-16-101. Celebrate Freedom Week. A.C.A. § 6-16-105. United States Flag. A.C.A. § 6-16-106. Arkansas Flag. A.C.A. § 6-16-107. Patriotic Observances Generally. A.C.A. § 6-16-108. Recitation of the Pledge of Allegiance. A.C.A. § 6-16-111. Morals, Manners, Patriotism, and Business and Professional Integrity. A.C.A. § 6-16-121. African-American History – Teaching materials. A.C.A. § 6-16-122. American Heritage. A.C.A. § 6-16-148. Foundation of certain social studies or history courses offered in grades seven through twelve. A.C.A. § 6-16-154. Holocaust Education. A.C.A. § 6-16-124. Arkansas History – Required Social Studies Course. A.C.A. § 6-17-703. Arkansas History Professional Development. Teacher Note: Not all state statutes apply to the current grade level content.
Skills and Application Throughout the course, students will develop and apply disciplinary literacy skills: reading, writing, speaking, and listening. As students seek answers to compelling and supporting questions, they will examine a variety of primary and secondary sources and communicate responses in multiple ways, including oral, visual, and written forms. Students must be able to select and evaluate sources of information, draw and build upon ideas, explore issues, examine data, and analyze events from the full range of human experience to develop critical thinking skills essential for productive citizens. Grade 8 Social Studies is required by the Standards for Accreditation. These standards do not meet the Grades 7-12 Arkansas History requirement as defined in Act 787 of 1997. Refer to the Arkansas History Academic Standards written for the course in Grades 7-8 or the Arkansas History Curriculum Framework for the course in Grades 9-12 to fulfill the one semester Arkansas History requirement as defined in Act 787 of 1997.
Primary and Secondary Sources and Disciplinary Literacy Standards The Disciplinary Literacy Standards for History/Social Studies guide students with the specific skills they need to engage with all social studies content. These reading and writing skills are separated by grade bands and include the use of primary and secondary sources, analysis of content from a variety of perspectives, and assessment of the credibility and accuracy of sources. Teachers should access the Disciplinary Literacy Standards Resource for History/Social Studies document through the Division of Elementary and Secondary Education website.
The College, Career, and Civic Life C3 Framework for Social Studies State Standards The acquisition of content knowledge and skills is paramount in a robust social studies program rooted in inquiry. The chart below summarizes social studies practices in four Dimensions.
● Dimensions 1, 3, and 4 of the College, Career, and Civic Life C3 Framework for Social Studies State Standards. These practices should be addressed throughout Grades K-12, building as students acquire the skills. ● Dimension 2 Applying Disciplinary Concepts and Tools sets forth the conceptual content, and the alignment to this dimension is embedded in the KPEs and SPEs.
Dimension 21 Applying Disciplinary Concepts and Tools
Civics
Economics
Geography
History
Social Sciences
● Civic and Political Institutions ● Participation and Deliberation ● Processes, Rules, and Laws
● Economic Decision-Making ● Exchange and Markets ● Growth and Stability ● The National Economy ● The Global Economy
● Geographic Representations: Spatial Views of the World ● Human-Environment Interaction: Place, Regions, and Culture ● Human Populations: Spatial Patterns and Movements ● Global Interconnections: Global Spatial Patterns
● Change, Continuity, and Context ● Perspectives ● Historical Sources and Evidence ● Causation and Argumentation
● Psychology ● Sociology
1 Organizational structure of the Social Studies Academic Standards is based on disciplinary strands in the C3 Framework.
Disciplinary Standards At a Glance
Disciplinary Strand
Disciplinary Standard
Disciplinary Component
● Grade or Course Specific Components
Disciplinary Note
The major work of the Grade 8 United States History 1850-1930 (Era 5 through Era 7) course includes the disciplinary strands of Civics, Economics, Geography, and History. Each disciplinary strand is meant to be taught in an integrated manner, not in isolation. Teacher Note: Concepts of the Civics, Economic, and Geography strands are implicitly addressed in the embedded KPEs and SPEs.
Civics
Economics
Geography
●Civic and Political Institutions ●Participation and Deliberation ●Processes, Rules, and Laws
●Economic Decision-Making ●Exchange and Markets ●Growth and Stability ●The National Economy ●The Global Economy
●Geographic Representations: Spatial Views of the World ●Human-Environment Interaction: Place, Regions, and Culture ●Human Populations: Spatial Patterns and Movements ●Global Interconnections: Global Spatial Patterns
Disciplinary Strand
Disciplinary Standard
Disciplinary Component
Grade
Knowledge and Skill Performance Expectation
[running headers/footers] Grade 8 | Social Studies Academic Standards & Disciplinary Concepts | Grade 8 Social Studies Academic Standards - Revised 2022 Arkansas Department of Education | Division of Elementary & Secondary Education | Page 2 of 12 | Page 3 of 12 | Page 4 of 12 | Page 5 of 12 | Page 6 of 12 | Page 7 of 12 | Page 8 of 12 | Page 9 of 12 | Page 10 of 12 | Page 11 of 12 | Page 12 of 12
[running headers/footers] Grade 5 | Social Studies Academic Standards & Disciplinary Concepts | Grade 5 Social Studies Academic Standards - Revised 2022 Arkansas Department of Education | Division of Elementary & Secondary Education | Page 2 of 14 | Page 3 of 14 | Page 4 of 14 | Page 5 of 14 | Page 6 of 14 | Page 7 of 14 | Geography | Knowledge and Skill Performance Expectations | Page 8 of 14 | Page 9 of 14 | Page 10 of 14 | Page 11 of 14 | Page 12 of 14 | Page 13 of 14 | Page 14 of 14 | Grade 6 | Grade 6 Social Studies Academic Standards - Revised 2022 Arkansas Department of Education | Division of Elementary & Secondary Education | Page 2 of 21 | Page 3 of 21 | Page 4 of 21 | Page 5 of 21 | Page 6 of 21 | Page 7 of 21 | Page 8 of 21 | Page 9 of 21 | Page 10 of 21 | Page 11 of 21 | Page 12 of 21 | Page 13 of 21 | Page 14 of 21 | Page 15 of 21 | Page 16 of 21 | Page 17 of 21 | Page 18 of 21 | Page 19 of 21 | Page 20 of 21 | Page 21 of 21
[running headers/footers] Grades 7/8 Arkansas History Academic Standards & Disciplinary Concepts | Grades 7/8 Arkansas History Academic Standards - Revised 2022 Arkansas Department of Education | Division of Elementary & Secondary Education | Page 2 of 17 | Page 3 of 17 | Page 4 of 17 | Page 5 of 17 | Page 6 of 17 | Page 7 of 17 | Knowledge and Skill Performance Expectations | Grades 7/8 | Page 8 of 17 | Page 9 of 17 | Page 10 of 17 | Page 11 of 17 | Page 12 of 17 | Page 13 of 17 | Page 14 of 17 | Page 15 of 17 | Page 16 of 17 | Page 17 of 17
[running headers/footers] Grades 9-12 | Grades 9-12 Arkansas History Academic Standards & Disciplinary Concepts | Grades 9-12 Arkansas History Academic Standards - Revised 2022 Arkansas Department of Education | Division of Elementary & Secondary Education | Page 2 of 14 | Page 3 of 14 | Page 4 of 14 | Page 5 of 14 | Page 6 of 14 | Page 7 of 14 | Knowledge and Skill Performance Expectations | Page 8 of 14 | Page 9 of 14 | Page 10 of 14 | Page 11 of 14 | Page 12 of 14 | Page 13 of 14 | Page 14 of 14
Social Studies Academic Standards
Revised 2022
Integrating Standards and Selecting Content Topics The disciplinary strands, standards, components, and the Knowledge and Skill Performance Expectations (KPEs and SPEs) are meant to be taught in an integrated manner, not in isolation. For example, a student might be studying an historical event or person while also learning specific civics, economics, geography, and/or history standards. The KPEs and SPEs require conceptual understanding which can be applied to future learning and additional content that may not be listed in the standards. The goal of knowledge acquisition in K-12 is for students to build knowledge and have experiences with content topics connected to their communities, the state of Arkansas, the United States, and the world. A thematic continuum of learning is provided to clarify (Figure 1) the expansion of learning from community to state to the world.
Figure 1
Related Laws for Social Studies A.C.A. § 1-5-109. Prisoners of War Remembrance Day. A.C.A. § 1-5-112. POW/MIA Recognition Day. A.C.A. § 1-5-113. Native American Heritage Week. A.C.A. § 1-5-114. Juneteenth Independence Day. A.C.A. § 1-5-119. Sultana Disaster Remembrance Day. A.C.A. § 6-16-101. Celebrate Freedom Week. A.C.A. § 6-16-105. United States Flag. A.C.A. § 6-16-106. Arkansas Flag. A.C.A. § 6-16-107. Patriotic Observances Generally. A.C.A. § 6-16-108. Recitation of the Pledge of Allegiance. A.C.A. § 6-16-111. Morals, Manners, Patriotism, and Business and Professional Integrity. A.C.A. § 6-16-121. African-American History – Teaching materials. A.C.A. § 6-16-122. American Heritage. A.C.A. § 6-16-148. Foundation of certain social studies or history courses offered in grades seven through twelve. A.C.A. § 6-16-154. Holocaust Education. A.C.A. § 6-16-124. Arkansas History – Required Social Studies Course. A.C.A. § 6-17-703. Arkansas History Professional Development. Teacher Note: Not all state statutes apply to the current grade level content.
Skills and Application Throughout Grades K-4, students will develop and apply disciplinary literacy skills: reading, writing, speaking, and listening. As students seek answers to compelling and supporting questions, they will examine a variety of primary and secondary sources and communicate responses in multiple ways, including oral, visual, and written forms. Students must be able to select and evaluate sources of information, draw and build upon ideas, explore issues, examine data, and analyze events from the full range of human experience to develop critical thinking skills essential for productive citizens. K-4 Social Studies is required by the Standards for Accreditation.
An asterisk (*) within the standards document denotes specific content that builds a student’s background knowledge (e.g., historical figures and events, Indigenous peoples, government structures, important documents) to increase readiness for 5th grade content and beyond.
Primary and Secondary Sources and Disciplinary Literacy Standards The Disciplinary Literacy Standards for History/Social Studies guide students with the specific skills they need to engage with all social studies content. These reading and writing skills are separated by grade bands and include the use of primary and secondary sources, analysis of content from a variety of perspectives, and assessment of the credibility and accuracy of sources. Teachers should access the Disciplinary Literacy Standards Resource for History/Social Studies document through the Division of Elementary and Secondary Education website.
The College, Career, and Civic Life C3 Framework for Social Studies State Standards The acquisition of content knowledge and skills is paramount in a robust social studies program rooted in inquiry. The chart below summarizes social studies practices in four Dimensions.
● Dimensions 1, 3, and 4 of the College, Career, and Civic Life C3 Framework for Social Studies State Standards. These practices should be addressed throughout Grades K-12, building as students acquire the skills. ● Dimension 2 Applying Disciplinary Concepts and Tools sets forth the conceptual content, and the alignment to this dimension is embedded in the KPEs and SPEs.
Dimension 21 Applying Disciplinary Concepts and Tools
Civics
Economics
Geography
History
Social Sciences
● Civic and Political Institutions ● Participation and Deliberation ● Processes, Rules, and Laws
● Economic Decision-Making ● Exchange and Markets ● Growth and Stability ● The National Economy ● The Global Economy
● Geographic Representations: Spatial Views of the World ● Human-Environment Interaction: Place, Regions, and Culture ● Human Populations: Spatial Patterns and Movements ● Global Interconnections: Global Spatial Patterns
● Change, Continuity, and Context ● Perspectives ● Historical Sources and Evidence ● Causation and Argumentation
● Psychology ● Sociology
1 Organizational structure of the Social Studies Academic Standards is based on disciplinary strands in the C3 Framework.
Disciplinary Standards At a Glance
Disciplinary Strand
Disciplinary Standard
Grade
Course Title or Theme
Disciplinary Component
● Grade or Course Specific Components
[running headers/footers] Grades K-4 | Social Studies Academic Standards & Disciplinary Concepts | Grades K-4 Social Studies Academic Standards - Revised 2022 Arkansas Department of Education | Division of Elementary and Secondary Education | Page 2 of 27 | Page 3 of 27 | Page 4 of 27 | Page 5 of 27 | Page 6 of 27 | Page 7 of 27 | Page 8 of 27 | Page 9 of 27 | Page 10 of 27 | Page 11 of 27 | Page 12 of 27 | Page 13 of 27 | Page 14 of 27 | Page 15 of 27 | Page 16 of 27 | Page 17 of 27 | Page 18 of 27 | Page 19 of 27 | Page 20 of 27 | Page 21 of 27 | Page 22 of 27 | Page 23 of 27 | Page 24 of 27 | Page 25 of 27 | Page 26 of 27 | Page 27 of 27
[running headers/footers] Psychology | Academic Standards & Disciplinary Concepts | Psychology Academic Standards - Revised 2022 | Arkansas Department of Education | Division of Elementary & Secondary Education | Page 2 of 9 | Page 3 of 9 | Page 4 of 9 | Page 5 of 9 | Page 6 of 9 | Social Science - Psychology | Knowledge and Skill Performance Expectations | Page 7 of 9 | Page 8 of 9 | Page 9 of 9
[running headers/footers] Sociology | Academic Standards & Disciplinary Concepts | Sociology Academic Standards - Revised 2022 | Arkansas Department of Education | Division of Elementary & Secondary Education | Page 2 of 9 | Page 3 of 9 | Page 4 of 9 | Page 5 of 9 | Page 6 of 9 | Social Science - Sociology | Knowledge and Skill Performance Expectations | Page 7 of 9 | Page 8 of 9 | Page 9 of 9
[running headers/footers] U.S. Government | Academic Standards & Disciplinary Concepts | U.S. Government Academic Standards - Revised 2022 Arkansas Department of Education | Division of Elementary & Secondary Education | Page 2 of 13 | Page 3 of 13 | Page 4 of 13 | Page 5 of 13 | Page 6 of 13 | Page 7 of 13 | Knowledge and Skill Performance Expectations | Page 8 of 13 | Page 9 of 13 | Page 10 of 13 | Page 11 of 13 | Page 12 of 13 | Page 13 of 13
[running headers/footers] U.S. History Since 1929 Academic Standards & Disciplinary Concepts | U.S. History Since 1890 Academic Standards - Revised 2022 Arkansas Department of Education | Division of Elementary & Secondary Education | Page 2 of 12 | Page 3 of 12 | Page 4 of 12 | Page 5 of 12 | Page 6 of 12 | Page 7 of 12 | Page 8 of 12 | Page 9 of 12 | Page 10 of 12 | Page 11 of 12 | Page 12 of 12
[running headers/footers] World Geography | Academic Standards & Disciplinary Concepts | World Geography Academic Standards - Revised 2022 Arkansas Department of Education | Division of Elementary & Secondary Education | Page 2 of 10 | Page 3 of 10 | Page 4 of 10 | Page 5 of 10 | Page 6 of 10 | Knowledge and Skill Performance Expectations | Page 7 of 10 | Page 8 of 10 | Page 9 of 10 | Page 10 of 10
[running headers/footers] World History Since 1450 Academic Standards & Disciplinary Concepts | World History Since 1450 Academic Standards - Revised 2022 Arkansas Department of Education | Division of Elementary & Secondary Education | Page 2 of 12 | Page 3 of 12 | Page 4 of 12 | Page 5 of 12 | Page 6 of 12 | History - World History Since 1450 | Knowledge and Skill Performance Expectations | World History Since 1450 | Era 6 | Page 7 of 12 | Era 7 | Page 8 of 12 | Era 8 | Page 9 of 12 | Page 10 of 12 | Era 9 | Page 11 of 12 | Page 12 of 12",AR_African_American_History_Standards_2022_LS.pdf; AR_Civics_Standards_2022_LS.pdf; AR_Economics_with_Personal_Finance_Standards_2022_LS.pdf; AR_Grade_7_Social_Studies_Standards_2022_LS.pdf; AR_Grade_8_Social_Studies_Standards_2022_LS.pdf; AR_Grades_5-6_Social_Studies_Standards_2022_LS.pdf; AR_Grades_7-8_Arkansas_History_Standards_2022_LS.pdf; AR_Grades_9-12_Arkansas_History_Standards_2022_LS.pdf; AR_Grades_K-4_Social_Studies_Standards_2022_LS.pdf; AR_Psychology_Standards_2022_LS.pdf; AR_Sociology_Standards_2022_LS.pdf; AR_US_Government_Standards_2022_LS.pdf; AR_US_History_since_1929_Standards_2022_LS.pdf; AR_World_Geography_Standards_2022_LS.pdf; AR_World_History_since_1450_Standards_2022_LS.pdf,"AR_Grade_7_Social_Studies_Standards_2022_LS.pdf: Geography KPEs u224-u254 are coded G.1.5.1-G.1.5.7 (grade part 5) in the Grade 7 document; treated as Grade 7 (probable typo in source).
AR_Grade_7_Social_Studies_Standards_2022_LS.pdf: u309 code reads 'H32.7.7' (typo for H.3.7.7).
AR_Grade_7_Social_Studies_Standards_2022_LS.pdf: u331 Era 4 heading states H.2 instead of H.3 (source typo).
AR_Grade_7_Social_Studies_Standards_2022_LS.pdf: Lists broken across pages: u153 (C.1.7.7), u239 (G.1.5.4), u259 (G.1.5.7 text), u282 and u300 (continuation lists); labeled with their parent context.
AR_Grade_7_Social_Studies_Standards_2022_LS.pdf: K-12 overview and C3 skills labeled grade 7 only.
AR_Grade_8_Social_Studies_Standards_2022_LS.pdf: H.4.8.4 (u112) is followed by an e.g. list in u113 without a colon; kept as standards.
AR_Grade_8_Social_Studies_Standards_2022_LS.pdf: u97-u98, u130-u131, u156-u157 H.4/H.5 statements split across two units.
AR_Grade_8_Social_Studies_Standards_2022_LS.pdf: Lists broken across pages: u145/u150 (Teacher Note list), u169/u174 (H.5.8.5).
AR_Grade_8_Social_Studies_Standards_2022_LS.pdf: K-12 overview and C3 skills labeled grade 8 only.
AR_Grades_K-4_Social_Studies_Standards_2022_LS.pdf: u494-u497 (page 21) are garbled fragments ('reasons and', 'tha', 'people, goods, and ideas', 'move from place to place.') that look like overflow of G.1.2.8 text; assigned to grade 2 as standards.
AR_Grades_K-4_Social_Studies_Standards_2022_LS.pdf: u595-u605 (page 27) repeat KPEs H.1.K.6-H.1.4.7 already listed at u580-u585 (duplicated rows in the source); grades taken from codes.
AR_Grades_K-4_Social_Studies_Standards_2022_LS.pdf: u376 reads 'E.1.3.7e.g., Explain...' (extraction glitch); grade 3 from code.
AR_Grades_K-4_Social_Studies_Standards_2022_LS.pdf: At a Glance page 6: u97 is Grade 3 (column 5) and the Grade 4 cell for Processes, Rules, and Laws is missing from the extraction; Geography Spatial Patterns row has no K/1 gap issues.
AR_Grades_K-4_Social_Studies_Standards_2022_LS.pdf: K-12 overview and C3 skills labeled K-4 (all grades of the document).
AR_Grades_K-4_Social_Studies_Standards_2022_LS.pdf: Teacher notes embedded in KPE cells (u230-u231) and in-cell 'This may include' lists are not split from their KPE (labeled standards, not examples)."
AR_K,AR,[0],,,"Dimension 1
Dimension 3
Dimension 4
Developing Questions and Planning Inquiries
Evaluating Sources and Using Evidence
Communicating Conclusions and Taking
Informed Action
1. Construct compelling questions that promote inquiry around key ideas and issues 2. Develop supporting questions that contribute to inquiry: identifying facts, concepts, and interpretations 3. Answer compelling and supporting questions using appropriate and available sources that consider multiple points of view
4. Gather relevant information from multiple perspectives and a variety of sources; evaluate the credibility of the source by determining its relevance and intended use 5. Use evidence from multiple sources to answer compelling and supporting questions by developing arguments with claims, counterclaims, and explanations
6. Construct arguments and explanations that convey ideas and perspectives to appropriate audiences using print, oral, and digital technologies 7. Critique the credibility, relevance, and use of evidence in arguments and explanations proposed by self and others 8. Use disciplinary lenses within the social sciences to understand local, regional, and global problems, propose solutions, or assess strategies and options for action while applying deliberative processes
K-12 Disciplinary Standards Overview
Civics
Economics
Geography
History
C.1 Students will understand the impact of origins, structures, and functions of institutions and laws on society and citizens. This includes personal civic rights, roles, responsibilities, and processes by which laws are made and amended. C.2 Students will understand the structure and functions of various types of government and how they exercise their powers. C.3 Students will understand the role of citizens in society, the ways the government protects the rights of citizens, the electoral process, and the role of political parties. C.4 Students will understand the process of making and changing laws and the ways institutions work together in carrying out the laws. C.5 Students will understand the impact of origins, structures, and functions of institutions and laws on society and Indigenous peoples. This includes the relationship of the Native nations and the United States during various time periods. C.6 Students will understand the structure and functions of various types of tribal government and how they exercise their powers. This includes the progress and challenges of present-day Native America.
E.1 Students will understand the impact of economic decision-making. This includes the exchange of goods and services; role of producers, consumers, and government in the marketplace; and growth, stability, and interdependence within a global economy. E.2 Students will understand the impact of economic decision-making. This includes considering the marginal costs and benefits of alternatives. E.3 Students will understand the exchange of goods and services. This includes different allocation methods and changes in supply and demand; the role of producers, consumers, and government in a market economy; and the degree of competition among buyers and sellers in markets. E.4 Students will understand the growth, stability, and interdependence within a national economy. This includes the current and future state of the economy using economic indicators and monetary and fiscal policies for a variety of economic conditions. E.5 Students will understand the growth, stability, and interdependence within a global economy. This includes ways in which trade leads to increased economic interdependence. E.6 Students will understand the factors affecting income, wealth, and financial risk. This includes the role of credit in personal finance.
G.1 Students will understand the purpose of geographic tools (e.g., maps, globes, charts, graphs) to understand, analyze, and explain human interaction with each other and with the environment. This includes the spatial characteristics and patterns of human settlement and connections between global regions. G.2 Students will understand the purpose of geographic tools (e.g., maps, globes, charts, graphs) to interpret spatial information. This includes spatial organization of people, cultures, places, and environments within various regions and geographic skills to interpret the past, present, and plan for the future. G.3 Students will understand the characteristics of different physical and cultural regions and how they change over time (through demographic changes, migration, settlement, and conflict). This includes the impact physical geography has on human systems, including politics, culture, economics, and use of resources and how a region or culture interacts with itself, the environment, and other regions and cultures. G.4 Students will understand the impact humans have on the environment. This includes the distribution, management, and consumption of resources. G.5 Students will understand the impact Indigenous peoples have on the environment. This includes the communal view of how Indigenous peoples utilized the land and resources; and the characteristics of the original Indigenous peoples of Arkansas by analyzing artifacts, artwork, and other sources.
H.1 Students will understand chronology, patterns of continuity, and change over time. This includes the contextualization of historical events and ways people gather, view, construct, and interpret historical evidence. H.2 Students will understand key historical periods from the beginning of civilization (World Era 1) through 1500 C.E. (World Era 5). This includes the patterns of social, economic, and political change over time and the ways people view, construct, and interpret the history of nations and cultures of the world. H.3 Students will understand key historical periods from the United States' Beginnings (Era 1) through 1850 (Era 4). This includes the patterns of social, economic, and political change over time and the ways people view, construct, and interpret the history of the United States. H.4 Students will understand key historical periods from Civil War and Reconstruction (Era 5) to the Emergence of Modern America, 1890-1930 (Era 7). This includes the patterns of social, economic, and political change over time and the ways people view, construct, and interpret the history of the United States. H.5 Students will understand key historical periods from the Great Depression and World War II, 1929-1945 (Era 8), to the Contemporary United States, 1968 to Present (Era 10). This includes the patterns of social, economic, and political change over time and the ways people view, construct, and interpret the history of the United States. H.6 Students will understand key historical periods from the Emergence of the First Global Age, 1450-1770 (World Era 6), to the Twentieth Century Since 1945 (World Era 9). This includes the patterns of social, economic, and political change over time and the ways people view, construct, and interpret the history of nations and cultures of the world.
Civics
C.1 Students will understand the impact of origins, structures, and functions of institutions and laws on society and citizens. This includes personal civic rights, roles, responsibilities, and processes by which laws are made and amended.
Kindergarten
Belonging to a Community
Civic and Political Institutions
● Civic documents, symbols, holidays, and songs
Participation and Deliberation
● Connections and characteristics of community
Processes, Rules, and Laws
● Decision-making and problem-solving
Economics
E.1 Students will understand the impact of economic decision-making. This includes the exchange of goods and services; role of producers, consumers, and government in the marketplace; and growth, stability, and interdependence within a global economy.
Kindergarten
Community Markets
Economic Decision-Making
● Decision-making with unlimited wants and limited resources
Exchange and Markets
● Human, natural, and capital resources ● Markets in the community
Growth and Stability
● Role of money ● Identifying goods and services
Global Economy
● Where products are produced
Geography
G.1 Students will understand the purpose of geographic tools (e.g., maps, globes, charts, graphs) to understand, analyze, and explain human interaction with each other and with the environment. This includes the spatial characteristics and patterns of human settlement and connections between global regions.
Kindergarten
Geography, Location, and Culture
Geographic Representations
● Physical characteristics of places
Human- Environment Interaction
● Cultural characteristics and environmental impact
Spatial Patterns and Movement
● Movement and human settlement
Global Interconnections
● Ways of life for civilizations ● Natural and human-made disasters
History
H.1.Students will understand chronology, patterns of continuity, and change over time. This includes the contextualization of historical events and ways people gather, view, construct, and interpret historical evidence.
Kindergarten
Then and Now
Chronology, Change Over Time, Contextualization
● People of America
Perspective, Historical Evidence, Causation
● Traditions of peoples: holidays, songs, symbols, oral stories
Grade Level Themes
Kindergarten
Living & Working Together: Making Choices and Improving Our Communities
Civics
C.1 Students will understand the impact of origins, structures, and functions of institutions and laws on society and citizens. This includes personal civic rights, roles, responsibilities, and processes by which laws are made and amended.
Civic and Political Institutions
Knowledge and Skill Performance Expectations
Kindergarten
C.1.K.1 Identify the purpose of classroom or school rules in establishing communities and ways of living and working together. Teacher Note: This standard builds toward students relating rules to values of fairness and equality.
C.1.K.2 Identify the characteristics and responsibilities of a leader.
Civics
C.1 Students will understand the impact of origins, structures, and functions of institutions and laws on society and citizens. This includes personal civic rights, roles, responsibilities, and processes by which laws are made and amended.
Participation and Deliberation
Knowledge and Skill Performance Expectations
Kindergarten
C.1.K.3 Recognize state and national symbols and patriotic songs: ● American flag ● Star Spangled Banner* ● Recitation of Pledge of Allegiance ● Arkansas flag ● Apple Blossom ● Honey Bee ● Mockingbird ● Pine Tree
C.1.K.4 Demonstrate responsibilities of being a good citizen at school.
C.1.K.5 Follow agreed-upon rules for listening and having a discussion in the classroom.
Civics
C.1 Students will understand the impact of origins, structures, and functions of institutions and laws on society and citizens. This includes personal civic rights, roles, responsibilities, and processes by which laws are made and amended.
Process, Rules, and Laws
Knowledge and Skill Performance Expectations
Kindergarten
C.1.K.6 Discuss the need for rules.
C.1.K.7 Discuss ways people improve communities which may include: ● being a good neighbor ● volunteering/helping ● recycling ● donating personal items/toys
C.1.K.8 Discuss the importance of problem solving related to classroom issues.
Economics
E.1 Students will understand the impact of economic decision-making. This includes the exchange of goods and services; role of producers, consumers, and government in the marketplace; and growth, stability, and interdependence within a global economy.
Economic Decision-Making
Knowledge and Skill Performance Expectations
Kindergarten
E.1.K.1 Discuss needs and wants and how they are restricted by limited resources.
E.1.K.2 State the reasons behind making a personal decision.
Economics
E.1 Students will understand the impact of economic decision-making. This includes the exchange of goods and services; role of producers, consumers, and government in the marketplace; and growth, stability, and interdependence within a global economy.
Exchange and Markets
Knowledge and Skill Performance Expectations
Kindergarten
E.1.K.3 Identify ways people create goods and services.
E.1.K.4 Discuss ways human, natural, and capital resources are used in the production of goods and services.
E.1.K.5 Identify ways people buy and sell goods (i.e., markets).
Economics
E.1 Students will understand the impact of economic decision-making. This includes the exchange of goods and services; role of producers, consumers, and government in the marketplace; and growth, stability, and interdependence within a global economy.
Growth and Stability
Knowledge and Skill Performance Expectations
Kindergarten
E.1.K.6 Recognize that consumers use money as a medium of exchange to satisfy economic wants and needs.
E.1.K.7 Identify the reasons for and places where people save money (e.g., piggy banks, wallets, banks).
E.1.K.8 Discuss examples of goods and services.
Economics
E.1 Students will understand the impact of economic decision-making. This includes the exchange of goods and services; role of producers, consumers, and government in the marketplace; and growth, stability, and interdependence within a global economy.
Global Economy
Knowledge and Skill Performance Expectations
Kindergarten
E.1.K.9 Identify common products that come from other countries.
E.1.K.10 Identify where products used in daily life are produced.
Geography
G.1 Students will understand the purpose of geographic tools (e.g., maps, globes, charts, graphs) to understand, analyze, and explain human interaction with each other and with the environment. This includes the spatial characteristics and patterns of human settlement and connections between global regions.
Geographic Representations
Knowledge and Skill Performance Expectations
Kindergarten
G.1.K.1 Describe familiar places using words that communicate location (e.g., beside, past, before), direction (e.g., right/left), and distance (e.g., long/short).
G.1.K.2 Identify and describe the physical characteristics of a place such as rivers, mountains, and forests using maps, globes, and photographs.
G.1.K.3 Create maps of familiar places such as the school, playground, or neighborhood.
Geography
G.1 Students will understand the purpose of geographic tools (e.g., maps, globes, charts, graphs) to understand, analyze, and explain human interaction with each other and with the environment. This includes the spatial characteristics and patterns of human settlement and connections between global regions.
Human-Environment Interaction
Knowledge and Skill Performance Expectations
Kindergarten
G.1.K.4 Describe ways humans have impacted the environment ● planting trees ● reducing waste ● littering ● polluting
G.1.K.5 Discuss cultural characteristics among families and in the community such as art, celebrations, food, language, music, and traditions.
G.1.K.6 Identify the influence of weather and climate on people’s daily lives.
Geography
G.1 Students will understand the purpose of geographic tools (e.g., maps, globes, charts, graphs) to understand, analyze, and explain human interaction with each other and with the environment. This includes the spatial characteristics and patterns of human settlement and connections between global regions.
Spatial Patterns and Movement
Knowledge and Skill Performance Expectations
Kindergarten
G.1.K.7 Identify natural resources that meet the needs of a community such as timber, minerals, oil, coal, and natural gas.
G.1.K.8 Identify people, goods, and ideas that move from place to place.
Geography
G.1 Students will understand the purpose of geographic tools (e.g., maps, globes, charts, graphs) to understand, analyze, and explain human interaction with each other and with the environment. This includes the spatial characteristics and patterns of human settlement and connections between global regions.
Global Interconnections
Knowledge and Skill Performance Expectations
Kindergarten
G.1.K.9 Discuss products and traditions that connect people around the world (e.g., where products are made, celebrations, dance, art, food, toys).
G.1.K.10 Discuss the needs of people during natural and human-made disasters.
History
H.1 Students will understand chronology, patterns of continuity, and change over time. This includes the contextualization of historical events and ways people gather, view, construct, and interpret historical evidence.
Chronology, Change over time, Contextualization
Knowledge and Skill Performance Expectations
Kindergarten
H.1.K.1 Discuss a sequence of events using chronological terms such as first, next, last, before, after. Sequence of events may include: ● Daily classroom activities ● Significant events in students’ lives ● Typical day in the life of the student
H.1.K.2 Develop a timeline to sequence significant events in students’ lives.
H.1.K.3 Compare the life of a student today (present) to the life of a student in the past using visual representations (e.g., growing food, rules and laws, making clothing, transportation, communication).
H.1.K.4 Recognize historic figures and other people who have made an impact on history.
H.1.K.5 Identify the purpose of national holidays and describe the people or events celebrated. ● Independence Day ● Thanksgiving ● Memorial Day ● Dr. Martin Luther King, Jr. Day ● President’s Day ● Veteran’s Day
History
H.1 Students will understand chronology, patterns of continuity, and change over time. This includes the contextualization of historical events and ways people gather, view, construct, and interpret historical evidence.
Perspective, Evidence, Causation
Knowledge and Skill Performance Expectations
Kindergarten
H.1.K.6 Identify the different points of view represented in a single historical event.
H.1.K.7 Describe materials and methods that allow people to learn about the past (e.g., photos, artifacts, diaries, oral history, stories).
H.1.K.8 Compare the differences in sources of information from the present and the past (e.g., telegraph, pony express, newspaper, telephone, TV, Internet).
H.1.K.6 Identify the different points of view represented in a single historical event.","Course Focus and Content Grades K-4 Social Studies provides an introduction to civics, economics, geography, and history. Basic skills and foundational knowledge are developed through practical classroom experiences that access and develop personal connections to the content. Students learn through social studies lenses that begin by focusing on the narrower and more manageable viewpoint of self and personal experience, expanding to community, state, nation, and ultimately to a broader world view.",,AR_Grades_K-4_Social_Studies_Standards_2022_LS.pdf,"AR_Grades_K-4_Social_Studies_Standards_2022_LS.pdf: u494-u497 (page 21) are garbled fragments ('reasons and', 'tha', 'people, goods, and ideas', 'move from place to place.') that look like overflow of G.1.2.8 text; assigned to grade 2 as standards.
AR_Grades_K-4_Social_Studies_Standards_2022_LS.pdf: u595-u605 (page 27) repeat KPEs H.1.K.6-H.1.4.7 already listed at u580-u585 (duplicated rows in the source); grades taken from codes.
AR_Grades_K-4_Social_Studies_Standards_2022_LS.pdf: u376 reads 'E.1.3.7e.g., Explain...' (extraction glitch); grade 3 from code.
AR_Grades_K-4_Social_Studies_Standards_2022_LS.pdf: At a Glance page 6: u97 is Grade 3 (column 5) and the Grade 4 cell for Processes, Rules, and Laws is missing from the extraction; Geography Spatial Patterns row has no K/1 gap issues.
AR_Grades_K-4_Social_Studies_Standards_2022_LS.pdf: K-12 overview and C3 skills labeled K-4 (all grades of the document).
AR_Grades_K-4_Social_Studies_Standards_2022_LS.pdf: Teacher notes embedded in KPE cells (u230-u231) and in-cell 'This may include' lists are not split from their KPE (labeled standards, not examples)."
